cat_init	nom complet	total	new_cat								
0.chim	Chimie	3381	0.chim	0.chim	3381	1.chim.cata(872)	1.chim.mate(862)	0.sde(297)	1.chim.anal(283)	1.chim.theo(248)	1.sde.es(247)
0.info	Informatique [cs]	26441	0.info	0.info	26441	1.info.info-ai(2319)	0.spi(2130)	0.shs(1943)	1.info.info-ts(1842)	1.spi.signal(1626)	1.info.info-mo(1406)
0.math	Mathématiques [math]	4133	0.math	0.math	4133	1.math.math-st(879)	1.math.math-ho(571)	0.shs(569)	0.stat(568)	0.info(529)	1.stat.th(525)
0.nlin	Science non linéaire [physics]	62	0.phys	0.nlin	62	1.nlin.nlin-cd(26)	0.spi(23)	0.phys(14)	1.nlin.nlin-ps(11)	0.info(10)	1.spi.meca(10)
0.phys	Physique [physics]	24248	0.phys	0.phys	24248	1.phys.hist(15816)	1.phys.meca(4467)	0.spi(3669)	1.spi.meca(2403)	1.phys.phys(1943)	1.phys.cond(871)
0.phys-atom	??	2	0.phys	0.phys-atom	2	1.phys-atom.oq(1)	1.phys-atom.laser(1)				
0.qfin	économie et finance quantitative [q-fin]	519	0.qfin	0.qfin	519	1.qfin.gn(147)	0.shs(96)	1.qfin.rm(54)	1.shs.gestion(29)	0.info(24)	1.shs.eco(24)
0.scco	Sciences cognitives	4988	0.scco	0.scco	4988	1.scco.ling(1768)	1.scco.psyc(1572)	0.shs(1356)	1.scco.neur(701)	1.scco.comp(645)	1.shs.langue(644)
0.sde	Sciences de l'environnement	11872	0.sde	0.sde	11872	1.sde.es(4252)	0.shs(2529)	1.sde.mcg(1774)	1.shs.geo(1320)	0.sdu(1287)	1.sde.be(1265)
0.sdu	Planète et Univers [physics]	5817	0.sdu	0.sdu	5817	1.sdu.stu(4457)	0.sde(1287)	0.shs(955)	1.sde.mcg(769)	1.shs.hisphilso(376)	1.sdu.envi(316)
0.sdv	Sciences du Vivant [q-bio]	46101	0.sdv	0.sdv	46101	1.sdv.sa(7102)	1.sdv.aen(4609)	1.sdv.ida(2707)	1.sdv.ba(2590)	1.sdv.ee(2426)	1.sdv.bbm(2258)
0.shs	Sciences de l'Homme et Société	287238	0.shs	0.shs	287238	1.shs.droit(31171)	1.shs.hist(28521)	1.shs.socio(23827)	1.shs.langue(18328)	1.shs.litt(17879)	1.shs.geo(17495)
0.spi	Sciences de l'ingénieur [physics]	21188	0.phys	0.spi	21188	1.spi.meca(4535)	0.phys(3669)	1.phys.meca(3170)	1.spi.signal(2346)	0.info(2130)	1.spi.mat(1791)
0.stat	Statistiques [stat]	1650	0.math	0.stat	1650	0.math(568)	1.stat.th(552)	1.math.math-st(551)	0.shs(396)	0.info(380)	1.stat.ap(334)
0.stic	??	7	0.info								
1.chim.anal	Chimie/Chimie analytique	283	0.chim	1.chim.anal	283	0.chim(283)	0.sdv(26)	0.shs(19)	0.sde(18)	0.sdu(16)	1.shs.archeo(15)
1.chim.cata	Chimie/Catalyse	872	0.chim	1.chim.cata	872	0.chim(872)	0.sde(225)	1.sde.es(224)	1.chim.mate(13)	1.chim.theo(8)	1.chim.coor(6)
1.chim.chem	Chimie/Chemo-informatique	4	0.chim	1.chim.chem	4	0.chim(4)	0.info(4)	1.info.info-lg(3)	1.info.info-cv(1)	1.info.info-ne(1)	1.info.info-mo(1)
1.chim.coor	Chimie/Chimie de coordination	63	0.chim	1.chim.coor	63	0.chim(63)	1.chim.inor(6)	1.chim.cata(6)	1.chim.poly(2)	1.chim.mate(2)	1.chim.theo(1)
1.chim.cris	Chimie/Cristallographie	33	0.chim	1.chim.cris	33	0.chim(33)	1.phys.cond(31)	0.phys(31)	1.spi.meca(30)	0.spi(30)	1.phys.meca(29)
1.chim.geni	Chimie/Génie chimique	55	0.chim	1.chim.geni	55	0.chim(55)	1.spi.gproc(8)	0.spi(8)	0.sdv(4)	0.phys(4)	1.sde.ie(3)
1.chim.inor	Chimie/Chimie inorganique	60	0.chim	1.chim.inor	60	0.chim(60)	1.chim.mate(16)	1.phys.cond(6)	1.chim.coor(6)	0.phys(6)	0.sde(5)
1.chim.mate	Chimie/Matériaux	862	0.chim	1.chim.mate	862	0.chim(862)	0.spi(145)	1.chim.poly(107)	1.spi.mat(88)	0.phys(65)	1.phys.cond(25)
1.chim.orga	Chimie/Chimie organique	223	0.chim	1.chim.orga	223	0.chim(223)	0.phys(19)	0.sdv(18)	1.phys.phys(14)	0.shs(11)	0.sde(10)
1.chim.othe	Chimie/Autre	109	0.chim	1.chim.othe	109	0.chim(109)	0.shs(10)	1.chim.anal(8)	1.chim.mate(6)	1.shs.archeo(6)	1.shs.art(2)
1.chim.poly	Chimie/Polymères	241	0.chim	1.chim.poly	241	0.chim(241)	1.chim.mate(107)	0.spi(28)	1.spi.mat(18)	1.phys.cond(15)	0.phys(15)
1.chim.radio	Chimie/Radiochimie	10	0.chim	1.chim.radio	10	0.chim(10)	0.sde(2)	1.sde.es(2)	1.shs.geo(1)	0.shs(1)	1.chim.anal(1)
1.chim.theo	Chimie/Chimie théorique et/ou physique	248	0.chim	1.chim.theo	248	0.chim(248)	1.chim.mate(10)	0.phys(9)	1.chim.cata(8)	1.phys.phys(4)	0.spi(4)
1.chim.ther	Chimie/Chimie thérapeutique	20	0.chim	1.chim.ther	20	0.chim(20)	0.sdv(7)	1.sdv.sp(6)	0.phys(4)	1.phys.phys(4)	1.chim.orga(3)
1.info.comp	??	8	0.info	1.info.comp	8	0.info(8)	1.info.par(4)	1.info.info-dc(2)	1.info.info-ti(2)	0.math(1)	1.math.math-oc(1)
1.info.eiah	Informatique [cs]/Environnements Informatiques pour l'Apprentissage Humain	820	0.info	1.info.eiah	820	0.info(820)	0.shs(425)	1.shs.edu(363)	1.info.info-hc(72)	0.scco(70)	1.info.info-ai(64)
1.info.info-ai	Informatique [cs]/Intelligence artificielle [cs.AI]	2319	0.info	1.info.info-ai	2319	0.info(2319)	0.shs(316)	1.info.info-ts(247)	1.info.info-lg(229)	1.info.info-cv(226)	0.stat(211)
1.info.info-ao	Informatique [cs]/Arithmétique des ordinateurs	30	0.info	1.info.info-ao	30	0.info(30)	1.info.info-ar(7)	0.spi(5)	0.math(4)	1.info.info-cr(4)	1.spi.nano(4)
1.info.info-ar	Informatique [cs]/Architectures Matérielles [cs.AR]	188	0.info	1.info.info-ar	188	0.info(188)	1.info.info-es(40)	0.spi(36)	1.info.info-ni(22)	1.spi.signal(22)	1.info.info-os(19)
1.info.info-au	Informatique [cs]/Automatique	442	0.info	1.info.info-au	442	0.info(442)	0.spi(135)	1.spi.auto(62)	1.spi.signal(58)	0.math(31)	1.info.info-rb(27)
1.info.info-bi	Informatique [cs]/Bio-informatique [q-bio.QM]	242	0.info	1.info.info-bi	242	0.info(242)	0.sdv(175)	1.sdv.bibs(163)	0.stat(40)	1.stat.ap(37)	1.stat.co(32)
1.info.info-bt	Informatique [cs]/Biotechnologie	53	0.info	1.info.info-bt	53	0.info(53)	0.sdv(50)	1.sdv.bio(50)	0.spi(14)	0.shs(11)	1.spi.gproc(10)
1.info.info-cc	Informatique [cs]/Complexité [cs.CC]	197	0.info	1.info.info-cc	197	0.info(197)	1.info.info-ro(122)	1.info.info-ds(16)	0.math(11)	1.info.info-ai(8)	1.info.info-ma(6)
1.info.info-ce	Informatique [cs]/Ingénierie, finance et science [cs.CE]	38	0.info	1.info.info-ce	38	0.info(38)	1.info.info-ai(23)	1.info.info-ma(22)	0.qfin(20)	1.qfin.gn(18)	1.info.info-lo(17)
1.info.info-cg	Informatique [cs]/Géométrie algorithmique [cs.CG]	50	0.info	1.info.info-cg	50	0.info(50)	0.math(7)	1.info.info-gr(6)	1.info.info-ti(6)	1.info.info-ds(5)	1.info.info-ai(4)
1.info.info-cl	Informatique [cs]/Informatique et langage [cs.CL]	951	0.info	1.info.info-cl	951	0.info(951)	0.shs(268)	1.shs.langue(239)	1.info.info-tt(106)	1.info.info-ai(80)	0.scco(80)
1.info.info-cr	Informatique [cs]/Cryptographie et sécurité [cs.CR]	333	0.info	1.info.info-cr	333	0.info(333)	1.info.info-ni(57)	1.info.info-es(19)	0.spi(17)	0.shs(14)	0.math(13)
1.info.info-cv	Informatique [cs]/Vision par ordinateur et reconnaissance de formes [cs.CV]	859	0.info	1.info.info-cv	859	0.info(859)	1.info.info-ai(226)	1.info.info-ts(168)	1.info.info-ti(167)	0.spi(151)	1.spi.signal(146)
1.info.info-cy	Informatique [cs]/Ordinateur et société [cs.CY]	230	0.info	1.info.info-cy	230	0.info(230)	0.shs(66)	1.shs.info(24)	1.info.info-cl(17)	1.info.info-hc(14)	1.shs.edu(14)
1.info.info-db	Informatique [cs]/Base de données [cs.DB]	508	0.info	1.info.info-db	508	0.info(508)	0.shs(62)	1.info.info-ai(49)	1.info.info-ir(47)	1.info.info-wb(37)	1.info.info-ds(33)
1.info.info-dc	Informatique [cs]/Calcul parallèle, distribué et partagé [cs.DC]	406	0.info	1.info.info-dc	406	0.info(406)	1.info.info-ni(31)	1.info.info-ds(26)	1.info.info-se(16)	1.info.info-iu(13)	1.info.info-mo(12)
1.info.info-dl	Informatique [cs]/Bibliothèque électronique [cs.DL]	67	0.info	1.info.info-dl	67	0.info(67)	0.shs(20)	1.shs.info(12)	1.info.info-hc(10)	1.shs.langue(8)	1.info.info-tt(7)
1.info.info-dm	Informatique [cs]/Mathématique discrète [cs.DM]	150	0.info	1.info.info-dm	150	0.info(150)	1.info.info-ds(39)	0.math(28)	1.info.info-ro(19)	1.math.math-co(18)	1.info.info-gt(11)
1.info.info-ds	Informatique [cs]/Algorithme et structure de données [cs.DS]	438	0.info	1.info.info-ds	438	0.info(438)	1.info.info-ai(107)	1.info.info-ni(48)	1.info.info-dm(39)	1.info.info-lo(35)	1.info.info-db(33)
1.info.info-es	Informatique [cs]/Systèmes embarqués	211	0.info	1.info.info-es	211	0.info(211)	1.info.info-ar(40)	1.info.info-os(28)	1.info.info-ni(26)	0.spi(24)	1.info.info-cr(19)
1.info.info-et	Informatique [cs]/Technologies émergeantes [cs.ET]	34	0.info	1.info.info-et	34	0.info(34)	1.info.info-cy(12)	1.info.info-cl(11)	1.info.info-mo(11)	1.scco.comp(11)	0.scco(11)
1.info.info-fl	Informatique [cs]/Théorie et langage formel [cs.FL]	178	0.info	1.info.info-fl	178	0.info(178)	1.info.info-pl(142)	0.shs(141)	1.info.info-sd(141)	1.info.info-ai(140)	0.stat(139)
1.info.info-gl	Informatique [cs]/Littérature générale [cs.GL]	63	0.info	1.info.info-gl	63	0.info(63)	0.shs(19)	1.shs.litt(14)	1.shs.museo(6)	1.info.info-tt(3)	1.shs.art(2)
1.info.info-gr	Informatique [cs]/Synthèse d'image et réalité virtuelle [cs.GR]	498	0.info	1.info.info-gr	498	0.info(498)	1.info.info-mo(60)	0.shs(59)	1.info.info-hc(49)	1.info.info-cv(40)	1.info.info-ti(39)
1.info.info-gt	Informatique [cs]/Informatique et théorie des jeux [cs.GT]	66	0.info	1.info.info-gt	66	0.info(66)	1.info.info-ai(21)	1.scco.comp(21)	0.scco(21)	1.info.info-ma(20)	0.qfin(18)
1.info.info-hc	Informatique [cs]/Interface homme-machine [cs.HC]	936	0.info	1.info.info-hc	936	0.info(936)	0.shs(160)	0.scco(117)	1.info.info-cv(113)	1.info.info-ai(108)	0.spi(97)
1.info.info-ia	Informatique [cs]/Ingénierie assistée par ordinateur	158	0.info	1.info.info-ia	158	0.info(158)	0.spi(84)	1.info.info-ai(75)	0.shs(73)	1.info.info-lg(68)	1.info.info-hc(68)
1.info.info-im	Informatique [cs]/Imagerie médicale	186	0.info	1.info.info-im	186	0.info(186)	1.info.info-ts(104)	0.sdv(98)	0.spi(98)	1.spi.signal(97)	1.sdv.ib(86)
1.info.info-ir	Informatique [cs]/Recherche d'information [cs.IR]	665	0.info	1.info.info-ir	665	0.info(665)	1.info.info-tt(119)	1.info.info-ai(103)	0.shs(73)	1.info.info-wb(52)	1.info.info-cl(51)
1.info.info-it	Informatique [cs]/Théorie de l'information [cs.IT]	161	0.info	1.info.info-it	161	0.info(161)	0.math(73)	1.math.math-it(70)	1.info.info-ir(41)	1.info.info-ts(27)	0.spi(23)
1.info.info-iu	Informatique [cs]/Informatique ubiquitaire	159	0.info	1.info.info-iu	159	0.info(159)	1.info.info-mc(41)	1.info.info-se(23)	1.info.info-hc(21)	1.info.info-ni(21)	1.info.info-dc(13)
1.info.info-lg	Informatique [cs]/Apprentissage [cs.LG]	640	0.info	1.info.info-lg	640	0.info(640)	1.info.info-ai(229)	0.shs(112)	1.info.info-cv(86)	1.info.info-hc(83)	1.info.info-ts(80)
1.info.info-lo	Informatique [cs]/Logique en informatique [cs.LO]	198	0.info	1.info.info-lo	198	0.info(198)	1.info.info-ai(92)	1.info.info-cl(36)	1.info.info-ds(35)	1.info.info-lg(21)	1.info.info-ma(19)
1.info.info-ma	Informatique [cs]/Système multi-agents [cs.MA]	320	0.info	1.info.info-ma	320	0.info(320)	1.info.info-ai(103)	1.info.info-mo(54)	1.info.info-ce(22)	0.shs(21)	1.info.info-gt(20)
1.info.info-mc	Informatique [cs]/Informatique mobile	112	0.info	1.info.info-mc	112	0.info(112)	1.info.info-iu(41)	1.info.info-ni(24)	1.info.info-hc(10)	1.info.info-dc(8)	1.info.info-os(8)
1.info.info-mm	Informatique [cs]/Multimédia [cs.MM]	193	0.info	1.info.info-mm	193	0.info(193)	1.info.info-hc(89)	0.shs(88)	1.info.info-sd(82)	1.info.info-ai(79)	1.info.info-ts(75)
1.info.info-mo	Informatique [cs]/Modélisation et simulation	1406	0.info	1.info.info-mo	1406	0.info(1406)	0.spi(203)	0.shs(164)	0.sdv(139)	0.sde(106)	1.spi.signal(79)
1.info.info-ms	Informatique [cs]/Logiciel mathématique [cs.MS]	19	0.info	1.info.info-ms	19	0.info(19)	1.math.math-st(9)	0.math(9)	1.info.info-ao(2)	1.info.info-ar(2)	1.stat.ml(1)
1.info.info-na	Informatique [cs]/Analyse numérique [cs.NA]	41	0.info	1.info.info-na	41	0.info(41)	0.math(8)	0.shs(6)	1.info.info-wb(5)	0.spi(5)	1.info.info-ir(4)
1.info.info-ne	Informatique [cs]/Réseau de neurones [cs.NE]	94	0.info	1.info.info-ne	94	0.info(94)	1.info.info-ai(21)	1.info.info-lg(20)	1.info.info-ti(14)	0.scco(13)	0.spi(8)
1.info.info-ni	Informatique [cs]/Réseaux et télécommunications [cs.NI]	862	0.info	1.info.info-ni	862	0.info(862)	1.info.info-cr(57)	1.info.info-ds(48)	0.spi(36)	1.info.info-dc(31)	1.spi.signal(26)
1.info.info-oh	Informatique [cs]/Autre [cs.OH]	996	0.info	1.info.info-oh	996	0.info(996)	0.shs(98)	1.info.info-ai(77)	0.spi(75)	1.info.info-cv(71)	1.info.info-sd(71)
1.info.info-os	Informatique [cs]/Système d'exploitation [cs.OS]	94	0.info	1.info.info-os	94	0.info(94)	1.info.info-es(28)	1.info.info-ni(20)	1.info.info-ar(19)	1.info.info-cr(8)	1.info.info-mc(8)
1.info.info-pf	Informatique [cs]/Performance et fiabilité [cs.PF]	81	0.info	1.info.info-pf	81	0.info(81)	1.info.info-mo(18)	0.spi(18)	1.spi.auto(16)	1.info.info-ni(15)	1.info.info-ro(8)
1.info.info-pl	Informatique [cs]/Langage de programmation [cs.PL]	415	0.info	1.info.info-pl	415	0.info(415)	0.shs(149)	1.info.info-ai(149)	1.info.info-sd(145)	1.info.info-fl(142)	0.stat(141)
1.info.info-rb	Informatique [cs]/Robotique [cs.RO]	221	0.info	1.info.info-rb	221	0.info(221)	0.spi(45)	1.spi.auto(33)	1.info.info-au(27)	1.info.info-ai(24)	0.scco(18)
1.info.info-ro	Informatique [cs]/Recherche opérationnelle [cs.RO]	801	0.info	1.info.info-ro	801	0.info(801)	1.info.info-cc(122)	1.info.info-mo(23)	1.info.info-ai(21)	1.info.info-ds(20)	1.info.info-dm(19)
1.info.info-sc	Informatique [cs]/Calcul formel [cs.SC]	53	0.info	1.info.info-sc	53	0.info(53)	0.math(7)	1.info.info-ir(3)	1.info.info-ds(3)	1.info.info-se(2)	1.info.info-es(2)
1.info.info-sd	Informatique [cs]/Son [cs.SD]	381	0.info	1.info.info-sd	381	0.info(381)	0.shs(302)	1.shs.musiq(300)	1.info.info-ts(221)	1.info.info-ai(208)	0.spi(160)
1.info.info-se	Informatique [cs]/Génie logiciel [cs.SE]	518	0.info	1.info.info-se	518	0.info(518)	1.info.info-mo(39)	1.info.info-pl(37)	1.info.info-wb(31)	1.info.info-hc(25)	1.info.info-iu(23)
1.info.info-si	Informatique [cs]/Réseaux sociaux et d'information [cs.SI]	92	0.info	1.info.info-si	92	0.info(92)	1.info.info-wb(32)	1.info.info-ai(26)	0.shs(21)	1.info.info-tt(16)	1.shs.info(13)
1.info.info-sy	Informatique [cs]/Systèmes et contrôle [cs.SY]	57	0.info	1.info.info-sy	57	0.info(57)	0.spi(27)	1.spi.signal(21)	1.info.info-ai(11)	1.info.info-au(7)	0.math(5)
1.info.info-ti	Informatique [cs]/Traitement des images	664	0.info	1.info.info-ti	664	0.info(664)	1.info.info-cv(167)	1.info.info-ts(112)	0.spi(90)	1.spi.signal(86)	0.shs(50)
1.info.info-ts	Informatique [cs]/Traitement du signal et de l'image	1842	0.info	1.info.info-ts	1842	0.info(1842)	0.spi(1470)	1.spi.signal(1455)	0.shs(263)	1.info.info-ai(247)	1.info.info-sd(221)
1.info.info-tt	Informatique [cs]/Traitement du texte et du document	923	0.info	1.info.info-tt	923	0.info(923)	0.shs(204)	1.shs.langue(156)	1.info.info-ir(119)	1.info.info-ai(115)	1.info.info-cl(106)
1.info.info-wb	Informatique [cs]/Web	374	0.info	1.info.info-wb	374	0.info(374)	0.shs(105)	1.info.info-ai(85)	1.info.info-ir(52)	1.info.info-tt(46)	1.shs.info(40)
1.info.mus	??	1	0.info	1.info.mus	1	0.info(1)					
1.info.par	??	5	0.info	1.info.par	5	0.info(5)	1.info.comp(4)	0.math(1)	1.math.math-oc(1)		
1.info.soc	??	1	0.info	1.info.soc	1	1.info.info-rb(1)	0.info(1)	0.sdv(1)	1.sdv.mhep(1)	1.info.info-hc(1)	
1.math.appl	??	1	0.math	1.math.appl	1	0.spi(1)	0.math(1)	1.spi.signal(1)			
1.math.math-ac	Mathématiques [math]/Algèbre commutative [math.AC]	17	0.math	1.math.math-ac	17	0.math(17)	1.math.math-ag(6)	1.math.math-cv(2)	1.math.math-nt(2)	1.math.math-mg(1)	1.info.info-au(1)
1.math.math-ag	Mathématiques [math]/Géométrie algébrique [math.AG]	172	0.math	1.math.math-ag	172	0.math(172)	1.math.math-nt(37)	1.math.math-cv(12)	1.math.math-ac(6)	1.math.math-ra(4)	0.shs(3)
1.math.math-ap	Mathématiques [math]/Equations aux dérivées partielles [math.AP]	147	0.math	1.math.math-ap	147	0.math(147)	1.math.math-na(20)	0.phys(15)	0.spi(14)	1.phys.meca(10)	1.spi.meca(8)
1.math.math-at	Mathématiques [math]/Topologie algébrique [math.AT]	30	0.math	1.math.math-at	30	0.math(30)	1.math.math-ct(9)	1.math.math-kt(7)	1.math.math-rt(5)	1.math.math-mg(2)	0.info(2)
1.math.math-ca	Mathématiques [math]/Analyse classique [math.CA]	17	0.math	1.math.math-ca	17	0.math(17)	0.info(4)	1.math.math-na(3)	1.math.math-cv(2)	1.math.math-ra(2)	1.info.info-ts(2)
1.math.math-co	Mathématiques [math]/Combinatoire [math.CO]	148	0.math	1.math.math-co	148	0.math(148)	0.info(36)	1.info.info-dm(18)	1.info.info-ds(12)	1.math.math-oc(7)	1.math.math-ho(7)
1.math.math-ct	Mathématiques [math]/Catégories et ensembles [math.CT]	15	0.math	1.math.math-ct	15	0.math(15)	1.math.math-at(9)	1.math.math-rt(5)	1.math.math-kt(4)	1.math.math-ag(2)	0.nlin(1)
1.math.math-cv	Mathématiques [math]/Variables complexes [math.CV]	43	0.math	1.math.math-cv	43	0.math(43)	1.math.math-ag(12)	1.math.math-ds(3)	1.math.math-mg(2)	1.phys.mphy(2)	1.math.math-mp(2)
1.math.math-dg	Mathématiques [math]/Géométrie différentielle [math.DG]	98	0.math	1.math.math-dg	98	0.math(98)	1.math.math-sp(17)	1.math.math-mg(6)	1.math.math-gt(6)	1.math.math-ds(6)	1.math.math-ho(4)
1.math.math-ds	Mathématiques [math]/Systèmes dynamiques [math.DS]	142	0.math	1.math.math-ds	142	0.math(142)	0.info(31)	0.sdv(26)	0.spi(18)	1.math.math-oc(18)	1.spi.signal(14)
1.math.math-fa	Mathématiques [math]/Analyse fonctionnelle [math.FA]	47	0.math	1.math.math-fa	47	0.math(47)	1.math.math-pr(6)	1.math.math-ap(5)	0.info(5)	1.info.info-ts(4)	1.math.math-na(3)
1.math.math-gm	Mathématiques [math]/Mathématiques générales [math.GM]	102	0.math	1.math.math-gm	102	0.math(102)	0.shs(19)	1.shs.edu(12)	0.info(10)	1.shs.hisphilso(7)	0.spi(7)
1.math.math-gn	Mathématiques [math]/Topologie générale [math.GN]	18	0.math	1.math.math-gn	18	0.math(18)	1.math.math-lo(5)	1.math.math-fa(3)	1.math.math-ds(2)	1.shs.socio(2)	0.shs(2)
1.math.math-gr	Mathématiques [math]/Théorie des groupes [math.GR]	60	0.math	1.math.math-gr	60	0.math(60)	1.math.math-ds(10)	1.math.math-mg(6)	1.math.math-lo(6)	0.info(5)	1.math.math-gt(5)
1.math.math-gt	Mathématiques [math]/Topologie géométrique [math.GT]	48	0.math	1.math.math-gt	48	0.math(48)	1.math.math-dg(6)	1.math.math-gr(5)	1.math.math-mg(4)	1.math.math-sg(4)	0.info(3)
1.math.math-ho	Mathématiques [math]/Histoire et perspectives sur les mathématiques [math.HO]	571	0.math	1.math.math-ho	571	0.math(571)	0.shs(422)	1.shs.edu(321)	1.shs.hisphilso(80)	1.shs.phil(17)	0.info(8)
1.math.math-it	Mathématiques [math]/Théorie de l'information et codage [math.IT]	81	0.math	1.math.math-it	81	0.math(81)	0.info(75)	1.info.info-it(70)	0.spi(16)	1.spi.signal(16)	1.info.info-ts(14)
1.math.math-kt	Mathématiques [math]/K-théorie et homologie [math.KT]	12	0.math	1.math.math-kt	12	0.math(12)	1.math.math-at(7)	1.math.math-ct(4)	1.math.math-rt(3)	1.math.math-ag(2)	1.math.math-ra(1)
1.math.math-lo	Mathématiques [math]/Logique [math.LO]	71	0.math	1.math.math-lo	71	0.math(71)	0.info(21)	0.shs(16)	1.info.info-lo(8)	1.shs.phil(7)	0.phys(6)
1.math.math-mg	Mathématiques [math]/Géométrie métrique [math.MG]	36	0.math	1.math.math-mg	36	0.math(36)	1.math.math-gr(6)	1.math.math-dg(6)	0.shs(5)	1.math.math-ho(5)	1.math.math-gt(4)
1.math.math-mp	Mathématiques [math]/Physique mathématique [math-ph]	49	0.math	1.math.math-mp	49	0.math(49)	0.phys(35)	1.phys.mphy(20)	0.spi(20)	0.info(15)	1.phys.meca(13)
1.math.math-na	Mathématiques [math]/Analyse numérique [math.NA]	165	0.math	1.math.math-na	165	0.math(165)	0.info(23)	0.spi(22)	1.math.math-ap(20)	0.phys(16)	1.phys.meca(13)
1.math.math-nt	Mathématiques [math]/Théorie des nombres [math.NT]	246	0.math	1.math.math-nt	246	0.math(246)	1.math.math-ag(37)	1.math.math-rt(10)	1.math.math-ds(5)	1.math.math-co(5)	0.info(4)
1.math.math-oa	Mathématiques [math]/Algèbres d'opérateurs [math.OA]	6	0.math	1.math.math-oa	6	0.math(6)	0.info(3)	1.info.info-sd(1)	1.info.info-it(1)	1.info.info-fl(1)	1.info.info-ai(1)
1.math.math-oc	Mathématiques [math]/Optimisation et contrÃ´le [math.OC]	235	0.math	1.math.math-oc	235	0.math(235)	0.info(78)	0.spi(58)	1.spi.auto(33)	0.sdv(21)	1.spi.signal(19)
1.math.math-pr	Mathématiques [math]/Probabilités [math.PR]	219	0.math	1.math.math-pr	219	0.math(219)	0.spi(55)	1.math.math-st(55)	1.spi.meca(39)	0.stat(29)	0.phys(23)
1.math.math-qa	Mathématiques [math]/Algèbres quantiques [math.QA]	24	0.math	1.math.math-qa	24	0.math(24)	1.math.math-ra(5)	1.math.math-co(2)	1.math.math-nt(1)	1.math.math-gt(1)	1.info.info-dm(1)
1.math.math-ra	Mathématiques [math]/Anneaux et algèbres [math.RA]	36	0.math	1.math.math-ra	36	0.math(36)	1.math.math-qa(5)	0.info(5)	1.math.math-ag(4)	1.math.math-nt(3)	1.math.math-gm(3)
1.math.math-rt	Mathématiques [math]/Théorie des représentations [math.RT]	47	0.math	1.math.math-rt	47	0.math(47)	1.math.math-nt(10)	1.math.math-gr(5)	1.math.math-at(5)	1.math.math-ct(5)	1.math.math-kt(3)
1.math.math-sg	Mathématiques [math]/Géométrie symplectique [math.SG]	23	0.math	1.math.math-sg	23	0.math(23)	1.math.math-gt(4)	1.math.math-gr(2)	1.math.math-dg(2)	1.math.math-ds(1)	1.math.math-ag(1)
1.math.math-sp	Mathématiques [math]/Théorie spectrale [math.SP]	24	0.math	1.math.math-sp	24	0.math(24)	1.math.math-dg(17)	0.phys(3)	1.math.math-mp(2)	1.phys.mphy(2)	1.math.math-gr(1)
1.math.math-st	Mathématiques [math]/Statistiques [math.ST]	879	0.math	1.math.math-st	879	0.math(879)	0.stat(551)	1.stat.th(524)	0.info(101)	1.math.math-pr(55)	0.shs(46)
1.nlin.nlin-ao	Science non linéaire [physics]/Adaptation et Systèmes auto-organisés [nlin.AO]	8	0.phys	1.nlin.nlin-ao	8	0.nlin(8)	0.info(5)	0.math(2)	1.info.info-ir(2)	0.shs(2)	1.shs.geo(1)
1.nlin.nlin-cd	Science non linéaire [physics]/Dynamique Chaotique [nlin.CD]	26	0.phys	1.nlin.nlin-cd	26	0.nlin(26)	0.spi(8)	0.phys(7)	1.phys.phys(5)	1.nlin.nlin-ps(4)	1.spi.tron(3)
1.nlin.nlin-cg	Science non linéaire [physics]/Automates cellulaires et gaz sur réseau [nlin.CG]	4	0.phys	1.nlin.nlin-cg	4	0.nlin(4)					
1.nlin.nlin-ps	Science non linéaire [physics]/Formation de Structures et Solitons [nlin.PS]	11	0.phys	1.nlin.nlin-ps	11	0.nlin(11)	0.spi(10)	1.spi.meca(5)	0.phys(5)	1.nlin.nlin-cd(4)	1.phys.phys(4)
1.nlin.nlin-si	Science non linéaire [physics]/Systèmes Solubles et Intégrables [nlin.SI]	1	0.phys	1.nlin.nlin-si	1	0.spi(1)	0.nlin(1)	1.spi.meca(1)	1.nlin.nlin-ps(1)		
1.phys.astr	Physique [physics]/Astrophysique [astro-ph]	116	0.phys	1.phys-atom.laser	1	1.phys-atom.oq(1)	0.phys-atom(1)				
1.phys.cond	Physique [physics]/Matière Condensée [cond-mat]	881	0.phys	1.phys-atom.oq	1	0.phys-atom(1)	1.phys-atom.laser(1)				
1.phys.grqc	Physique [physics]/Relativité Générale et Cosmologie Quantique [gr-qc]	7	0.phys	1.phys.astr	116	0.phys(109)	1.sdu.astr(75)	0.sdu(75)	1.phys.phys(16)	0.info(8)	1.info.info-ts(8)
1.phys.hexp	Physique [physics]/Physique des Hautes Energies - Expérience [hep-ex]	18	0.phys	1.phys.cond	881	0.phys(871)	0.spi(265)	1.spi.mat(108)	1.phys.phys(94)	0.chim(72)	1.spi.meca(70)
1.phys.hist	Physique [physics]/Articles anciens	15816	0.phys	1.phys.grqc	7	0.phys(7)	1.phys.mphy(3)	1.phys.qphy(2)	1.math.math-dg(2)	0.math(2)	1.sde.mcg(1)
1.phys.hphe	Physique [physics]/Physique des Hautes Energies - Phénoménologie [hep-ph]	7	0.phys	1.phys.hexp	18	0.phys(18)	1.phys.hphe(3)	1.phys.hist(3)	1.phys.phys(2)	1.phys.nexp(1)	0.info(1)
1.phys.hthe	Physique [physics]/Physique des Hautes Energies - Théorie [hep-th]	9	0.phys	1.phys.hist	15816	0.phys(15816)	1.phys.nexp(90)	1.phys.phys(31)	1.phys.nucl(7)	0.spi(6)	0.chim(5)
1.phys.meca	Physique [physics]/Mécanique [physics]	4881	0.phys	1.phys.hphe	7	0.phys(7)	1.phys.hexp(3)	1.phys.nucl(3)	1.phys.nexp(2)	1.phys.hthe(1)	
1.phys.mphy	Physique [physics]/Physique mathématique [math-ph]	48	0.phys	1.phys.hthe	9	0.phys(9)	1.spi.nrj(1)	1.info.info-cl(1)	1.math.math-ra(1)	0.info(1)	0.spi(1)
1.phys.nexp	Physique [physics]/Physique Nucléaire Expérimentale [nucl-ex]	118	0.phys	1.phys.meca	4881	0.phys(4467)	0.spi(3170)	1.spi.meca(2367)	1.spi.acou(830)	0.info(183)	0.shs(110)
1.phys.nucl	Physique [physics]/Physique Nucléaire Théorique [nucl-th]	11	0.phys	1.phys.mphy	48	0.phys(48)	0.math(28)	0.spi(27)	1.math.math-mp(20)	0.stat(19)	1.stat.me(19)
1.phys.phys	Physique [physics]/Physique [physics]	2023	0.phys	1.phys.nexp	118	0.phys(118)	1.phys.hist(90)	0.spi(4)	1.phys.nucl(3)	1.spi.signal(2)	1.phys.hphe(2)
1.phys.qphy	Physique [physics]/Physique Quantique [quant-ph]	69	0.phys	1.phys.nucl	11	0.phys(11)	1.phys.hist(7)	1.phys.nexp(3)	1.phys.hphe(3)	1.spi.mat(1)	0.spi(1)
1.phys-atom.laser	??	1	0.phys	1.phys.phys	2023	0.phys(1943)	0.spi(328)	0.sdu(138)	1.spi.opti(126)	1.sdu.stu(117)	0.sde(100)
1.phys-atom.oq	??	1	0.phys	1.phys.qphy	69	0.phys(69)	1.phys.phys(18)	0.math(7)	1.phys.cond(5)	1.phys.mphy(5)	0.shs(5)
1.qfin.cp	économie et finance quantitative [q-fin]/Finance quantitative [q-fin.CP]	14	0.qfin	1.qfin.cp	14	0.qfin(14)	0.info(3)	1.info.info-ce(2)	1.info.info-ts(2)	0.stat(2)	1.info.info-au(2)
1.qfin.gn	économie et finance quantitative [q-fin]/Finance [q-fin.GN]	147	0.qfin	1.qfin.gn	147	0.qfin(147)	0.info(18)	1.info.info-ai(18)	1.info.info-ma(18)	1.info.info-ce(18)	1.info.info-lo(17)
1.qfin.pm	économie et finance quantitative [q-fin]/Gestion de portefeuilles [q-fin.PM]	9	0.qfin	1.qfin.pm	9	0.qfin(9)	1.qfin.rm(3)	1.shs.eco(2)	0.info(2)	1.qfin.gn(2)	0.shs(2)
1.qfin.pr	économie et finance quantitative [q-fin]/Pricing [q-fin.PR]	4	0.qfin	1.qfin.pr	4	0.qfin(4)	0.shs(2)	1.shs.envir(1)			
1.qfin.rm	économie et finance quantitative [q-fin]/Gestion des risques [q-fin.RM]	54	0.qfin	1.qfin.rm	54	0.qfin(54)	0.shs(8)	1.shs.gestion(5)	1.qfin.pm(3)	1.sde.es(2)	1.shs.eco(2)
1.qfin.st	économie et finance quantitative [q-fin]/Econométrie de la finance [q-fin.ST]	13	0.qfin	1.qfin.st	13	0.qfin(13)	0.shs(5)	1.qfin.gn(2)	1.shs.scipo(2)	1.info.info-lg(1)	1.shs.socio(1)
1.qfin.tr	économie et finance quantitative [q-fin]/Microstructure des marchés [q-fin.TR]	12	0.qfin	1.qfin.tr	12	0.qfin(12)	1.shs.eco(1)	0.sdv(1)	0.sde(1)	1.sdv.spee(1)	0.shs(1)
1.scco.cogpsy	??	2	0.scco	1.scco.cogpsy	2	0.shs(2)	0.scco(2)	1.shs.phil(2)			
1.scco.comp	Sciences cognitives/Informatique	645	0.scco	1.scco.comp	645	0.scco(645)	0.info(285)	0.shs(162)	1.scco.ling(89)	1.info.info-ai(89)	1.scco.psyc(84)
1.scco.ling	Sciences cognitives/Linguistique	1768	0.scco	1.scco.ling	1768	0.scco(1768)	0.shs(650)	1.shs.langue(530)	0.info(160)	1.scco.psyc(116)	1.scco.comp(89)
1.scco.neur	Sciences cognitives/Neurosciences	701	0.scco	1.scco.neur	701	0.scco(701)	0.spi(370)	1.spi.signal(360)	1.spi.acou(353)	0.shs(120)	1.scco.psyc(97)
1.scco.neurosc	??	1	0.scco	1.scco.neurosc	1	0.shs(1)	1.shs.eco(1)	0.scco(1)	1.shs.phil(1)		
1.scco.psyc	Sciences cognitives/Psychologie	1572	0.scco	1.scco.psyc	1572	0.scco(1572)	0.shs(534)	0.sdv(284)	1.shs.psy(268)	1.sdv.neu(227)	1.shs.langue(130)
1.scco.psyemo	??	1	0.scco	1.scco.psyemo	1	0.shs(1)	0.scco(1)	1.shs.phil(1)			
1.scco.reasonning	??	1	0.scco	1.scco.reasonning	1	0.shs(1)	1.shs.eco(1)	0.scco(1)	1.shs.phil(1)		
1.scco.socialpsy	??	1	0.scco	1.scco.socialpsy	1	0.shs(1)	0.scco(1)	1.shs.phil(1)	1.shs.langue(1)		
1.sde.be	Sciences de l'environnement/Biodiversité et Ecologie	1270	0.sde	1.sde.be	1270	0.sde(1265)	0.sdv(307)	0.shs(283)	1.sde.es(233)	1.sde.mcg(191)	1.shs.geo(149)
1.sde.dev-dur	??	5	0.sde	1.sde.dev-dur	5	0.sde(5)	0.spi(3)	1.spi.energ(2)	1.spi.other(1)	1.shs.archi(1)	0.shs(1)
1.sde.er	??	4	0.sde	1.sde.er	4	0.sde(4)					
1.sde.es	Sciences de l'environnement/Environnement et Société	4252	0.sde	1.sde.es	4252	0.sde(4252)	0.shs(1520)	1.shs.geo(783)	1.shs.envir(314)	0.sdv(264)	0.chim(247)
1.sde.ie	Sciences de l'environnement/Ingénierie de l'environnement	411	0.sde	1.sde.ie	411	0.sde(411)	0.shs(102)	1.sde.es(89)	0.spi(64)	1.sde.be(59)	1.shs.geo(52)
1.sde.mcg	Sciences de l'environnement/Milieux et Changements globaux	1792	0.sde	1.sde.mcg	1792	0.sde(1774)	0.sdu(769)	1.sdu.stu(685)	0.shs(357)	1.shs.geo(251)	1.sde.es(238)
1.sde.plan	??	53	0.sde	1.sde.plan	53	0.sde(53)	1.sde.plt(39)	1.sde.ie(6)	1.info.info-ro(3)	0.info(3)	0.spi(3)
1.sde.plt	??	40	0.sde	1.sde.plt	40	0.sde(40)	1.sde.plan(39)	1.shs.anthro-se(1)	1.shs.envir(1)	0.spi(1)	0.shs(1)
1.sde.sds	??	7	0.sde	1.sde.sds	7	0.sde(7)					
1.sdu.astr	Planète et Univers [physics]/Astrophysique [astro-ph]	111	0.phys	1.sdu.astr	111	0.sdu(104)	0.phys(84)	1.phys.astr(75)	1.phys.phys(18)	0.spi(15)	1.spi.signal(10)
1.sdu.envi	Planète et Univers [physics]/Interfaces continentales, environnement	316	0.sde	1.sdu.envi	316	0.sdu(316)	0.sde(145)	1.sde.mcg(134)	1.sdu.stu(89)	0.shs(67)	1.shs.archeo(42)
1.sdu.ocean	Planète et Univers [physics]/Océan, Atmosphère	141	0.phys	1.sdu.ocean	141	0.sdu(141)	0.spi(38)	0.phys(28)	1.phys.meca(24)	0.sde(22)	1.spi.meca(21)
1.sdu.other	Planète et Univers [physics]/Autre	32	0.phys	1.sdu.other	32	0.sdu(32)	1.sdu.stu(6)	1.sdu.ocean(2)	1.shs.geo(1)	0.chim(1)	0.spi(1)
1.sdu.stu	Planète et Univers [physics]/Sciences de la Terre	5095	0.sde	1.sdu.stu	5095	0.sdu(4457)	0.sde(1165)	0.shs(924)	1.sde.mcg(685)	1.shs.hisphilso(372)	1.shs.archeo(304)
1.sdv.aen	Sciences du Vivant [q-bio]/Alimentation et Nutrition	4609	0.sdv	1.sdv.aen	4609	0.sdv(4609)	1.sdv.ida(2583)	1.sdv.bdd(1231)	1.sdv.bdlr(1218)	1.sdv.mp(117)	0.shs(94)
1.sdv.ba	Sciences du Vivant [q-bio]/Biologie animale	2599	0.sdv	1.sdv.ba	2599	0.sdv(2590)	1.sdv.bbm(1834)	1.sdv.neu(847)	1.sdv.mp(845)	1.sdv.spee(841)	1.sdv.gen(818)
1.sdv.bbm	Sciences du Vivant [q-bio]/Biochimie, Biologie Moléculaire	3362	0.sdv	1.sdv.bbm	3362	0.sdv(2258)	1.sdv.ba(1834)	1.sdv.gen(838)	1.sdv.neu(834)	1.sdv.mp(830)	1.sdv.bc(820)
1.sdv.bc	Sciences du Vivant [q-bio]/Biologie cellulaire	1715	0.sdv	1.sdv.bc	1715	0.sdv(900)	1.sdv.bbm(820)	1.sdv.neu(818)	1.sdv.imm(817)	1.sdv.mp(817)	1.sdv.gen(816)
1.sdv.bdd	Sciences du Vivant [q-bio]/Biologie du développement	1469	0.sdv	1.sdv.bdd	1469	0.sdv(1464)	1.sdv.bdlr(1281)	1.sdv.aen(1231)	1.sdv.bv(50)	1.sdv.sa(47)	1.sdv.ba(43)
1.sdv.bdlr	Sciences du Vivant [q-bio]/Biologie de la reproduction	1355	0.sdv	1.sdv.bdlr	1355	0.sdv(1352)	1.sdv.bdd(1281)	1.sdv.aen(1218)	1.sdv.ba(11)	1.sdv.bv(11)	1.sdv.ot(11)
1.sdv.bibs	Sciences du Vivant [q-bio]/Bio-Informatique, Biologie Systémique [q-bio.QM]	178	0.sdv	1.sdv.bibs	178	0.sdv(178)	0.info(169)	1.info.info-bi(163)	0.stat(38)	1.stat.ap(36)	1.stat.co(32)
1.sdv.bid	Sciences du Vivant [q-bio]/Biodiversité	678	0.sdv	1.sdv.bid	678	0.sdv(674)	1.sdv.ee(468)	1.sdv.sa(458)	1.sdv.ba(365)	0.sde(145)	0.sdu(111)
1.sdv.bio	Sciences du Vivant [q-bio]/Biotechnologies	147	0.sdv	1.sdv.bio	147	0.sdv(147)	0.info(59)	1.info.info-bt(50)	1.sdv.sa(40)	1.sdv.bv(38)	0.spi(25)
1.sdv.bv	Sciences du Vivant [q-bio]/Biologie végétale	635	0.sdv	1.sdv.bv	635	0.sdv(541)	1.sdv.sa(126)	1.sdv.bdd(50)	0.sde(40)	1.sdv.bio(38)	1.sde.be(35)
1.sdv.can	Sciences du Vivant [q-bio]/Cancer	311	0.sdv	1.sdv.can	311	0.sdv(311)	1.sdv.mhep(57)	0.shs(30)	1.sdv.ee(27)	1.sdv.spee(24)	1.sdv.ib(21)
1.sdv.ee	Sciences du Vivant [q-bio]/Ecologie, Environnement	2458	0.sdv	1.sdv.ee	2458	0.sdv(2426)	1.sdv.sa(1789)	1.sdv.bid(468)	1.sdv.ba(369)	0.sde(297)	1.sdv.spee(148)
1.sdv.eth	Sciences du Vivant [q-bio]/Ethique	215	0.sdv	1.sdv.eth	215	0.sdv(215)	0.shs(55)	1.shs.phil(31)	1.sdv.mhep(19)	1.shs.socio(10)	1.shs.anthro-se(9)
1.sdv.gen	Sciences du Vivant [q-bio]/Génétique	1616	0.sdv	1.sdv.gen	1616	0.sdv(1606)	1.sdv.bbm(838)	1.sdv.neu(830)	1.sdv.ba(818)	1.sdv.mp(818)	1.sdv.bc(816)
1.sdv.ib	Sciences du Vivant [q-bio]/Ingénierie biomédicale	527	0.sdv	1.sdv.ib	527	0.sdv(506)	0.spi(202)	0.info(165)	1.spi.signal(141)	1.info.info-ts(132)	0.phys(97)
1.sdv.ida	Sciences du Vivant [q-bio]/Ingénierie des aliments	2707	0.sdv	1.sdv.ida	2707	0.sdv(2707)	1.sdv.aen(2583)	1.sdv.mp(107)	0.spi(76)	1.spi.gproc(74)	1.sdv.sa(10)
1.sdv.imm	Sciences du Vivant [q-bio]/Immunologie	914	0.sdv	1.sdv.imm	914	0.sdv(912)	1.sdv.mp(830)	1.sdv.ba(817)	1.sdv.bc(817)	1.sdv.bbm(816)	1.sdv.spee(815)
1.sdv.mhep	Sciences du Vivant [q-bio]/Médecine humaine et pathologie	1536	0.sdv	1.sdv.mhep	1536	0.sdv(1400)	0.shs(402)	1.shs.langue(167)	1.sdv.ib(86)	1.sdv.spee(82)	0.info(76)
1.sdv.mp	Sciences du Vivant [q-bio]/Microbiologie et Parasitologie	1309	0.sdv	1.sdv.mp	1309	0.sdv(1290)	1.sdv.ba(845)	1.sdv.spee(835)	1.sdv.bbm(830)	1.sdv.imm(830)	1.sdv.gen(818)
1.sdv.neu	Sciences du Vivant [q-bio]/Neurosciences [q-bio.NC]	1916	0.sdv	1.sdv.neu	1916	0.sdv(1826)	1.sdv.ba(847)	1.sdv.bbm(834)	1.sdv.gen(830)	1.sdv.spee(826)	1.sdv.bc(818)
1.sdv.ot	Sciences du Vivant [q-bio]/Autre [q-bio.OT]	225	0.sdv	1.sdv.ot	225	0.sdv(225)	0.shs(38)	1.shs.hisphilso(19)	1.sdv.bdlr(11)	1.shs.socio(8)	1.shs.anthro-se(7)
1.sdv.sa	Sciences du Vivant [q-bio]/Sciences agricoles	7185	0.sdv	1.sdv.sa	7185	0.sdv(7102)	1.sdv.ee(1789)	1.sdv.bid(458)	1.sdv.ba(372)	0.sde(366)	0.shs(170)
1.sdv.sp	Sciences du Vivant [q-bio]/Sciences pharmaceutiques	111	0.sdv	1.sdv.sp	111	0.sdv(109)	0.shs(17)	1.sdv.spee(17)	1.sdv.mhep(16)	1.shs.droit(10)	1.sdv.neu(8)
1.sdv.spee	Sciences du Vivant [q-bio]/Santé publique et épidémiologie	2117	0.sdv	1.sdv.spee	2117	0.sdv(2117)	1.sdv.ba(841)	1.sdv.mp(835)	1.sdv.neu(826)	1.sdv.gen(816)	1.sdv.bbm(815)
1.sdv.tox	Sciences du Vivant [q-bio]/Toxicologie	326	0.sdv	1.sdv.tox	326	0.sdv(317)	0.sde(133)	1.sdv.bbm(25)	1.sdv.ee(19)	1.sdv.spee(12)	1.sdv.aen(10)
1.shs.anthro-bio	Sciences de l'Homme et Société/Anthropologie biologique	1203	1.shs.anthro	1.shs.anthro-bio	1203	0.shs(1203)	1.shs.anthro-se(189)	1.shs.socio(144)	1.shs.archeo(113)	0.sde(72)	0.sdv(60)
1.shs.anthro-se	Sciences de l'Homme et Société/Anthropologie sociale et ethnologie	7854	1.shs.anthro	1.shs.anthro-se	7854	0.shs(7854)	1.shs.socio(1458)	1.shs.hist(754)	1.shs.geo(595)	1.shs.scipo(413)	1.shs.relig(266)
1.shs.archeo	Sciences de l'Homme et Société/Archéologie et Préhistoire	14806	1.shs.archeo	1.shs.archeo	14806	0.shs(14806)	1.shs.hist(1671)	1.shs.art(741)	1.shs.archi(372)	1.shs.class(358)	0.sdu(313)
1.shs.archi	Sciences de l'Homme et Société/Architecture, aménagement de l'espace	7165	1.shs.archi	1.shs.archi	7165	0.shs(7165)	1.shs.geo(1776)	1.shs.socio(1244)	1.shs.art(886)	1.shs.hist(584)	1.shs.scipo(540)
1.shs.art	Sciences de l'Homme et Société/Art et histoire de l'art	8525	1.shs.art	1.shs.art	8525	0.shs(8525)	1.shs.hist(1515)	1.shs.archi(886)	1.shs.litt(743)	1.shs.archeo(741)	1.shs.relig(338)
1.shs.class	Sciences de l'Homme et Société/Etudes classiques	2606	1.shs.hist	1.shs.class	2606	0.shs(2606)	1.shs.hist(740)	1.shs.litt(627)	1.shs.relig(432)	1.shs.archeo(358)	1.shs.langue(205)
1.shs.demo	Sciences de l'Homme et Société/Démographie	1060	1.shs.geo	1.shs.demo	1060	0.shs(1060)	1.shs.geo(607)	1.shs.scipo(393)	1.shs.socio(122)	1.shs.anthro-se(111)	0.sde(75)
1.shs.droit	Sciences de l'Homme et Société/Droit	31171	1.shs.droit	1.shs.droit	31171	0.shs(31171)	1.shs.scipo(629)	1.shs.hist(441)	1.shs.socio(249)	1.shs.eco(225)	1.shs.relig(108)
1.shs.ec	??	25	1.shs.socio	1.shs.ec	25	0.shs(25)	1.shs.socio(1)				
1.shs.eco	Sciences de l'Homme et Société/Economies et finances	12685	1.shs.gestion	1.shs.eco	12685	0.shs(12685)	1.shs.gestion(600)	1.shs.socio(503)	1.shs.hist(331)	1.shs.geo(259)	1.shs.scipo(240)
1.shs.edu	Sciences de l'Homme et Société/Education	12191	1.shs.edu	1.shs.edu	12191	0.shs(12191)	1.shs.langue(1185)	1.shs.socio(1076)	1.shs.info(444)	0.info(402)	0.math(377)
1.shs.envir	Sciences de l'Homme et Société/Etudes de l'environnement	1818	1.shs.geo	1.shs.envir	1818	0.shs(1818)	1.shs.geo(658)	0.sde(404)	1.sde.es(314)	1.shs.archi(303)	1.shs.archeo(271)
1.shs.ergo	??	1	0.info	1.shs.ergo	1	1.info.info-se(1)	0.info(1)	1.info.info-ar(1)	1.shs.info(1)	0.shs(1)	1.info.info-hc(1)
1.shs.evolution	??	2	1.shs.gestion	1.shs.evolution	2	0.shs(2)	1.shs.eco(2)	1.shs.phil(2)			
1.shs.genre	Sciences de l'Homme et Société/Etudes sur le genre	1276	1.shs.socio	1.shs.genre	1276	0.shs(1276)	1.shs.socio(445)	1.shs.hist(280)	1.shs.litt(208)	1.shs.scipo(164)	1.shs.anthro-se(132)
1.shs.geo	Sciences de l'Homme et Société/Géographie	17495	1.shs.socio	1.shs.geo	17495	0.shs(17495)	1.shs.archi(1776)	1.shs.socio(1335)	0.sde(1320)	1.shs.scipo(1302)	1.sde.es(783)
1.shs.gestion	Sciences de l'Homme et Société/Gestion et management	13309	1.shs.gestion	1.shs.gestion	166	0.shs(166)	1.shs.droit(13)	0.sde(11)	0.info(8)	1.info.info-mo(6)	1.sdv.spee(3)
1.shs.gest-risq	??	166	1.shs.droit	1.shs.gest-risq	13309	0.shs(13289)	1.shs.eco(600)	1.shs.socio(368)	1.shs.info(161)	1.shs.scipo(140)	1.shs.geo(134)
1.shs.hisphilso	Sciences de l'Homme et Société/Histoire, Philosophie et Sociologie des sciences	5696	1.shs.phil	1.shs.hisphilso	5696	0.shs(5696)	1.shs.hist(540)	1.shs.phil(513)	0.sdu(376)	1.sdu.stu(372)	1.shs.langue(276)
1.shs.hist	Sciences de l'Homme et Société/Histoire	28521	1.shs.hist	1.shs.hist	28521	0.shs(28521)	1.shs.litt(1756)	1.shs.archeo(1671)	1.shs.art(1515)	1.shs.relig(1503)	1.shs.scipo(1139)
1.shs.info	Sciences de l'Homme et Société/Sciences de l'information et de la communication	10066	1.shs.infocom	1.shs.info	10066	0.shs(9012)	1.shs.socio(668)	1.shs.edu(444)	1.shs.langue(388)	1.shs.hist(307)	1.shs.scipo(301)
1.shs.langue	Sciences de l'Homme et Société/Linguistique	18385	1.shs.ling	1.shs.langue	18385	0.shs(18328)	1.shs.litt(1192)	1.shs.edu(1185)	0.scco(644)	1.scco.ling(530)	0.info(503)
1.shs.litt	Sciences de l'Homme et Société/Littératures	17879	1.shs.litt	1.shs.litt	17879	0.shs(17879)	1.shs.hist(1756)	1.shs.langue(1192)	1.shs.art(743)	1.shs.class(627)	1.shs.relig(555)
1.shs.museo	Sciences de l'Homme et Société/Héritage culturel et muséologie	1071	1.shs.hist	1.shs.museo	1071	0.shs(1071)	1.shs.hist(358)	1.shs.art(332)	1.shs.anthro-se(185)	1.shs.info(185)	1.shs.litt(157)
1.shs.musiq	Sciences de l'Homme et Société/Musique, musicologie et arts de la scène	3898	1.shs.art	1.shs.musiq	3898	0.shs(3898)	1.shs.litt(478)	1.shs.hist(439)	0.info(334)	1.info.info-sd(300)	1.shs.art(286)
1.shs.phil	Sciences de l'Homme et Société/Philosophie	5818	1.shs.phil	1.shs.phil	5818	0.shs(5807)	1.shs.hisphilso(513)	1.shs.litt(425)	1.shs.socio(405)	1.shs.art(334)	1.shs.relig(309)
1.shs.psy	Sciences de l'Homme et Société/Psychologie	3558	1.shs.psy	1.shs.psy	3558	0.shs(3558)	0.sdv(323)	0.scco(302)	1.shs.edu(286)	1.scco.psyc(268)	1.shs.langue(226)
1.shs.relig	Sciences de l'Homme et Société/Religions	3091	1.shs.hist	1.shs.relig	3091	0.shs(3091)	1.shs.hist(1503)	1.shs.litt(555)	1.shs.class(432)	1.shs.art(338)	1.shs.phil(309)
1.shs.scipo	Sciences de l'Homme et Société/Science politique	13308	1.shs.scipo	1.shs.scipo	13308	0.shs(13308)	1.shs.socio(4338)	1.shs.geo(1302)	1.shs.hist(1139)	1.shs.droit(629)	1.shs.archi(540)
1.shs.socio	Sciences de l'Homme et Société/Sociologie	23827	1.shs.socio	1.shs.socio	23827	0.shs(23827)	1.shs.scipo(4338)	1.shs.anthro-se(1458)	1.shs.geo(1335)	1.shs.archi(1244)	1.shs.hist(1105)
1.shs.sport	??	172	1.shs.autre	1.shs.sport	172	0.shs(99)	0.sdv(6)	0.scco(5)	1.sdv.spee(5)	1.scco.psyc(4)	1.scco.neur(3)
1.shs.stat	Sciences de l'Homme et Société/Méthodes et statistiques	811	1.shs.geo	1.shs.stat	811	0.shs(811)	1.shs.geo(200)	1.shs.langue(164)	1.shs.socio(156)	1.shs.litt(114)	0.stat(113)
1.spi.acou	Sciences de l'ingénieur [physics]/Acoustique [physics.class-ph]	1361	0.phys	1.spi.acou	1361	0.spi(1361)	0.phys(836)	1.phys.meca(830)	1.spi.signal(436)	0.scco(361)	1.scco.neur(353)
1.spi.auto	Sciences de l'ingénieur [physics]/Automatique / Robotique	1351	0.info	1.spi.auto	1351	0.spi(1351)	0.info(218)	1.spi.signal(74)	1.info.info-au(62)	1.info.info-ts(59)	1.spi.meca(42)
1.spi.elec	Sciences de l'ingénieur [physics]/Electromagnétisme	1041	0.phys	1.spi.elec	1041	0.spi(1041)	1.spi.tron(126)	0.phys(100)	0.info(71)	1.phys.cond(62)	1.spi.nrj(54)
1.spi.energ	??	110	0.phys	1.spi.energ	110	0.spi(110)	0.sde(7)	1.spi.meca(5)	0.phys(5)	1.phys.meca(4)	1.spi.mat(3)
1.spi.fluid	Sciences de l'ingénieur [physics]/Milieux fluides et réactifs	96	0.phys	1.spi.fluid	96	0.spi(96)	0.phys(19)	1.spi.meca(12)	1.phys.meca(12)	1.phys.phys(10)	1.spi.gproc(8)
1.spi.gciv	Sciences de l'ingénieur [physics]/Génie civil	625	0.phys	1.spi.gciv	625	0.spi(525)	1.spi.meca(60)	1.spi.mat(46)	0.shs(41)	0.sde(37)	0.phys(36)
1.spi.gproc	Sciences de l'ingénieur [physics]/Génie des procédés	850	0.phys	1.spi.gproc	850	0.spi(850)	0.sdv(107)	1.sdv.ida(74)	1.sdv.aen(70)	0.phys(70)	1.spi.meca(64)
1.spi.mat	Sciences de l'ingénieur [physics]/Matériaux	1791	0.phys	1.spi.mat	1791	0.spi(1791)	1.spi.meca(648)	0.phys(233)	0.chim(109)	1.phys.cond(108)	1.phys.meca(101)
1.spi.meca	Sciences de l'ingénieur [physics]/Mécanique [physics.med-ph]	4952	0.phys	1.spi.meca	4952	0.spi(4535)	0.phys(2403)	1.phys.meca(2367)	1.spi.mat(648)	0.info(170)	1.spi.acou(122)
1.spi.nano	Sciences de l'ingénieur [physics]/Micro et nanotechnologies/Microélectronique	1085	0.phys	1.spi.nano	1085	0.spi(1085)	0.info(37)	1.spi.elec(37)	1.spi.tron(36)	0.phys(24)	1.spi.mat(23)
1.spi.nrj	Sciences de l'ingénieur [physics]/Energie électrique	1144	0.phys	1.spi.nrj	1144	0.spi(1144)	0.phys(67)	1.phys.cond(57)	1.spi.elec(54)	1.spi.tron(32)	1.spi.meca(25)
1.spi.opti	Sciences de l'ingénieur [physics]/Optique / photonique	606	0.phys	1.spi.opti	606	0.spi(606)	0.phys(145)	1.phys.phys(126)	1.spi.mat(63)	0.sdv(46)	1.phys.cond(45)
1.spi.other	Sciences de l'ingénieur [physics]/Autre	882	0.phys	1.spi.other	882	0.spi(882)	0.shs(67)	0.info(61)	1.info.info-ir(25)	1.spi.meca(25)	1.info.info-tt(24)
1.spi.plasma	Sciences de l'ingénieur [physics]/Plasmas	113	0.phys	1.spi.plasma	113	0.spi(113)	0.phys(56)	1.phys.phys(39)	1.phys.cond(18)	1.spi.mat(16)	0.sdv(13)
1.spi.signal	Sciences de l'ingénieur [physics]/Traitement du signal et de l'image	2346	0.info	1.spi.signal	2346	0.spi(2346)	0.info(1626)	1.info.info-ts(1455)	1.spi.acou(436)	0.scco(376)	1.scco.neur(360)
1.spi.tron	Sciences de l'ingénieur [physics]/Electronique	815	0.phys	1.spi.tron	815	0.spi(815)	1.spi.elec(126)	1.spi.signal(86)	0.info(59)	1.spi.nano(36)	1.spi.nrj(32)
1.stat.ap	Statistiques [stat]/Applications [stat.AP]	334	0.stat	1.stat.ap	334	0.stat(334)	0.shs(130)	1.shs.stat(100)	1.shs.langue(97)	1.shs.litt(93)	0.info(87)
1.stat.co	Statistiques [stat]/Calcul [stat.CO]	72	0.stat	1.stat.co	72	0.stat(72)	1.stat.ap(41)	0.sdv(37)	0.info(35)	1.sdv.bibs(32)	1.info.info-bi(32)
1.stat.me	Statistiques [stat]/Méthodologie [stat.ME]	209	0.stat	1.stat.me	209	0.stat(209)	0.shs(74)	1.shs.edu(44)	1.stat.ap(41)	0.spi(33)	0.math(28)
1.stat.ml	Statistiques [stat]/Machine Learning [stat.ML]	296	0.stat	1.stat.ml	296	0.stat(296)	0.info(245)	1.info.info-ai(200)	0.shs(147)	1.info.info-ts(147)	1.info.info-sd(141)
1.stat.ot	Statistiques [stat]/Autres [stat.ML]	28	0.stat	1.stat.ot	28	0.stat(28)	0.shs(13)	1.shs.edu(11)	0.info(8)	1.info.info-lg(5)	0.scco(4)
1.stat.th	Statistiques [stat]/Théorie [stat.TH]	552	0.stat	1.stat.th	552	0.stat(552)	0.math(525)	1.math.math-st(524)	0.info(45)	0.shs(24)	1.stat.me(22)
