de;1789;à;jour;2;
de;1945;à;jour;2;
de;1957;à;jour;1;
de;1963;à;jour;1;
de;1970;à;fin;1;
de;2D;à;3D;1;
de;2G;à;3G;1;
de;4;à;kilomètre;1;
de;aberration;à;rituel;1;
de;aberration;à;analyse;1;
de;abondance;à;uniformisation;1;
de;Ab?;à;K?mil;1;
de;accès;à;soin;1;
de;accessibilité;à;soin;2;
de;accessibilité;à;accessibilité;1;
de;accessibilité;à;Design;1;
de;acquisition;à;image;1;
de;acquisition;à;application;1;
de;activisme;à;autobiographie;1;
de;activité;à;institution;1;
de;Adam;à;Christ;1;
de;adaptation;à;risque;2;
de;adaptation;à;émancipation;1;
de;adhésion;à;adhérence;1;
de;adhésion;à;mécanisme;1;
de;administration;à;sidérurgie;1;
de;adverbe;à;conjonction;1;
de;affaire;à;Merah;1;
de;âge;à;cybernétique;1;
de;agitateur;à;héros;1;
de;agriculture;à;agri;1;
de;aide;à;traduction;1;
de;Aix;à;Versailles;1;
de;akinésie;à;hyperkinésie;1;
de;Album;à;livre;1;
de;aléa;à;gestion;1;
de;aléa;à;vulnérabilité;1;
de;ALG;à;modèle;1;
de;Algérie;à;Viêt-Nam;1;
de;algorithme;à;circuit;1;
de;ALiR;à;AMPER;1;
de;Allemagne;à;Hongrie;1;
de;Alliance;à;cité;1;
de;allié;à;criminel;1;
de;allusion;à;citation;1;
de;altération;à;retour;1;
de;altérité;à;orientaliste;1;
de;alternative;à;alternance;1;
de;altruisme;à;responsabilité;1;
de;altruisme;à;disponibilité;1;
de;altruisme;à;morale;1;
de;amélioration;à;démocratisation;1;
de;amélioration;à;application;1;
de;amont;à;aval;1;
de;amorçage;à;effet;1;
de;amphithéâtre;à;autonomie;1;
de;analyse;à;approche;1;
de;analyse;à;réflexion;1;
de;analyse;à;projet;1;
de;analyse;à;physiopathologie;1;
de;analyse;à;instrumentation;1;
de;analyse;à;constitution;1;
de;analyse;à;réfutation;1;
de;analyse;à;pouvoir;1;
de;analyse;à;gestion;1;
de;analyse;à;modélisation;1;
de;analyseur;à;ordinateur;1;
de;anatomie;à;physiologie;1;
de;Ancien;à;droit;1;
de;anglais;à;français;1;
de;animal;à;humain;1;
de;année;à;jour;2;
de;année;à;1990;2;
de;année;à;milieu;1;
de;année;à;début;1;
de;année;à;1880;1;
de;antagonisme;à;rapprochement;1;
de;anthropologie;à;mystique;1;
de;anticipation;à;mise;1;
de;Antilles;à;espace;1;
de;antimonde;à;intégration;1;
de;Antiquité;à;postmodernisme;1;
de;antiquité;à;ère;1;
de;Antiquité;à;jour;1;
de;aperture;à;ouverture;1;
de;apodicticité;à;incarnation;1;
de;apologue;à;ode;1;
de;appel;à;collaboration;1;
de;apprivoisement;à;inféodation;1;
de;approche;à;approche;3;
de;approche;à;modélisation;1;
de;approche;à;outil;1;
de;approche;à;Classique;1;
de;appropriation;à;valorisation;1;
de;arabe;à;arabisation;1;
de;arbre;à;paysage;2;
de;archéologie;à;pollution;1;
de;archéologie;à;impressionnisme;1;
de;archipel;à;continent;1;
de;architecture;à;métaphore;1;
de;argument;à;fait;1;
de;argumentation;à;dévoilement;1;
de;art;à;mort;1;
de;art;à;prouesse;1;
de;art;à;création;1;
de;Artaud;à;Novarina;1;
de;articulation;à;gestuelle;1;
de;artifice;à;réalité;1;
de;artisan;à;face;1;
de;assiette;à;voiture;1;
de;assistance;à;autonomie;1;
de;assistance;à;procréation;1;
de;Atlantique;à;Antarctique;1;
de;atome;à;séquence;1;
de;atonie;à;mobilisation;1;
de;attente;à;explication;1;
de;attraction;à;attractivité;1;
de;attractivité;à;qualité;1;
de;Auguste;à;Dioclétien;1;
de;autoformation;à;transmission;1;
de;automédication;à;Mental;1;
de;automobilisme;à;économie;1;
de;autonomie;à;anomie;1;
de;autonomie;à;autonomie;1;
de;autosuffisance;à;préservation;1;
de;avantage;à;avantage;1;
de;avocat;à;parlement;1;
de;B;à;B;1;
de;Babel;à;Babylone;1;
de;bactérie;à;maladie;1;
de;bactérie;à;système;1;
de;Bakhtine;à;ethnocritique;1;
de;BALANCED;à;scorecard;1;
de;Balanced;à;Scorecard;1;
de;Balzac;à;Beigbeder;1;
de;Bam;à;Haïti;1;
de;Bandoeng;à;mondialisation;1;
de;Barthes;à;Proust;1;
de;Basquiat;à;Jay;1;
de;bassin;à;orogenèse;1;
de;batardise;à;légende;1;
de;bâtiment;à;territoire;1;
de;Baudelaire;à;Claude;1;
de;benchmarking;à;benchlearning;1;
de;bénéfice;à;contestation;1;
de;Bergson;à;Arendt;1;
de;besoin;à;talent;1;
de;biologie;à;nez;1;
de;biologie;à;symbole;1;
de;biologie;à;débat;1;
de;biologie;à;métaphore;1;
de;biologie;à;éthique;1;
de;biomasse;à;combustible;1;
de;Bois;à;Parc;1;
de;Bossuet;à;Lakoff;1;
de;bureaucratie;à;capitalisme;1;
de;cadre;à;conflit;1;
de;cadre;à;cadre;1;
de;canonicité;à;mode;1;
de;capitalisme;à;capitalisme;1;
de;caractérisation;à;mécanotransduction;1;
de;caractérisation;à;identification;1;
de;caractérisation;à;utilisation;1;
de;caractérisation;à;modélisation;1;
de;caractérisation;à;validation;1;
de;caractérisation;à;étude;1;
de;caractérisation;à;application;1;
de;caractérisation;à;effet;1;
de;Caractérisation;à;Mise;1;
de;carrière;à;monument;1;
de;cartographie;à;cartographie;1;
de;cartographie;à;SIG;1;
de;caste;à;tribu;1;
de;Castelli;à;Alessi;1;
de;Catalyse;à;Or;1;
de;catégorisation;à;dialogisme;1;
de;Célestin;à;Freinet;1;
de;cellule;à;animal;1;
de;Celtes;à;surréaliste;1;
de;cénesthésie;à;image;1;
de;censure;à;ouverture;1;
de;cercle;à;jeu;1;
de;César;à;Dioclétien;1;
de;César;à;Franck;1;
de;chai;à;atelier;1;
de;chaîne;à;système;1;
de;chambre;à;palais;1;
de;chaos;à;développement;1;
de;charité;à;humanitaire;1;
de;Chateaubriand;à;Fromentin;1;
de;chiffre;à;secret;1;
de;chimie;à;effet;1;
de;Chine;à;Europe;1;
de;choc;à;échec;1;
de;choix;à;choix;1;
de;chromonyme;à;anthroponyme;1;
de;chronique;à;iconisation;1;
de;chronique;à;histoire;1;
de;Cidália;à;Antigone;1;
de;cinétique;à;lit;1;
de;cité;à;métropole;1;
de;citoyenneté;à;développement;1;
de;civilisation;à;abject;1;
de;classe;à;écran;1;
de;clinique;à;biologie;1;
de;clinique;à;neurologie;1;
de;clôture;à;espace;2;
de;clown;à;héros;1;
de;cluster;à;ville;1;
de;code;à;message;1;
de;code;à;geste;1;
de;coévolution;à;corrélation;1;
de;cohabitation;à;appropriation;1;
de;cohabitation;à;Vi?t;1;
de;cohérence;à;dissonance;1;
de;colère;à;tourment;1;
de;colonisation;à;fin;1;
de;colonisation;à;hétérologie;1;
de;Common;à;Ingroup;1;
de;communauté;à;génome;1;
de;communauté;à;société;1;
de;communauté;à;management;1;
de;communauté;à;souche;1;
de;communauté;à;génotype;1;
de;compagnonnage;à;critique;1;
de;compassion;à;régulation;1;
de;compétence;à;implication;1;
de;compétitivité;à;coopétitivité;1;
de;complémentarité;à;rupture;1;
de;composition;à;caractérisation;1;
de;composition;à;enseignement;1;
de;composition;à;discours;1;
de;compréhension;à;analyse;1;
de;compréhension;à;préconisation;1;
de;compréhension;à;levier;1;
de;compromis;à;rôle;1;
de;comptabilité;à;base;1;
de;concept;à;action;2;
de;concept;à;réalisation;2;
de;concept;à;philosophie;2;
de;concept;à;évaluation;2;
de;concept;à;gadget;1;
de;concept;à;accueil;1;
de;concept;à;déclinaison;1;
de;concept;à;implémentation;1;
de;concept;à;développement;1;
de;concept;à;machine;1;
de;concept;à;construction;1;
de;concept;à;politique;1;
de;concept;à;valorisation;1;
de;concept;à;outil;1;
de;concept;à;concept;1;
de;concept;à;analyse;1;
de;concept;à;véhicule;1;
de;concept;à;technologie;1;
de;concepteur;à;usager;1;
de;conception;à;réception;2;
de;conception;à;application;2;
de;conception;à;entretien;1;
de;conception;à;développement;1;
de;conception;à;naissance;1;
de;conception;à;réalisation;1;
de;conception;à;analyse;1;
de;conception;à;validation;1;
de;conception;à;évaluation;1;
de;conception;à;construction;1;
de;concordance;à;discordance;1;
de;concurrence;à;solidarité;1;
de;concurrence;à;convergence;1;
de;Condillac;à;nominalisme;1;
de;confinement;à;mise;1;
de;conflit;à;coopération;1;
de;conflit;à;compromis;1;
de;conformisme;à;interobjectivation;1;
de;conformité;à;agilité;1;
de;confort;à;statut;2;
de;confrontation;à;réseau;1;
de;connaissance;à;connaissance;1;
de;connaissance;à;adaptation;1;
de;connaissance;à;reconnaissance;1;
de;connaissance;à;gestion;1;
de;connaissance;à;action;1;
de;conquête;à;conquête;1;
de;conseil;à;posture;1;
de;conservation;à;création;1;
de;conservation;à;aménagement;1;
de;considération;à;interculturalité;1;
de;consommateur;à;producteur;1;
de;constat;à;politique;1;
de;construction;à;métropole;1;
de;construction;à;révélation;1;
de;construction;à;pilotage;1;
de;consultation;à;participation;1;
de;contestation;à;gestion;1;
de;contestation;à;participation;1;
de;contexte;à;contexte;2;
de;contexte;à;label;1;
de;contexte;à;globalisation;1;
de;contexte;à;interprétation;1;
de;contexte;à;spécialité;1;
de;continuité;à;rupture;1;
de;contradiction;à;dépassement;1;
de;contrainte;à;acclimatation;1;
de;contrainte;à;esthétique;1;
de;contrainte;à;opportunité;1;
de;contrat;à;devoir;1;
de;contrôle;à;pratique;1;
de;contrôle;à;fraude;1;
de;contrôle;à;autonomisation;1;
de;controverse;à;enjeu;1;
de;convention;à;connivence;1;
de;convergence;à;veille;1;
de;conversion;à;utopie;1;
de;coopération;à;subversion;1;
de;coopération;à;communication;1;
de;coproduction;à;conception;1;
de;Cosmologie;à;logique;1;
de;côté;à;zone;1;
de;couche;à;dispositif;1;
de;couche;à;structure;1;
de;crainte;à;rejet;1;
de;création;à;expression;1;
de;création;à;dénomination;1;
de;création;à;affirmation;1;
de;creuset;à;incandescence;1;
de;criminologie;à;innovation;1;
de;crise;à;crise;2;
de;crise;à;pratique;1;
de;crise;à;exigence;1;
de;critique;à;violence;1;
de;critique;à;ciné;1;
de;critique;à;enjeu;1;
de;critique;à;éthique;1;
de;croisement;à;souche;1;
de;croissance;à;réalisation;1;
de;croyance;à;défiance;1;
de;curiosité;à;application;1;
de;cyanoazétidines;à;réaction;1;
de;cybernétique;à;phénoménologie;1;
de;danger;à;risque;1;
de;Darwin;à;moralité;1;
de;datation;à;restitution;1;
de;De;à;Paenitentia;1;
de;début;à;jour;1;
de;décadence;à;euphuisme;1;
de;Décaméron;à;conte;1;
de;décision;à;stratégie;1;
de;déclaration;à;consultation;1;
de;déclassement;à;reclassement;1;
de;décodage;à;compréhension;1;
de;décomposition;à;modèle;1;
de;déconstruction;à;généalogie;1;
de;découverte;à;expérimentation;1;
de;défaveur;à;faveur;1;
de;définition;à;fondement;1;
de;définition;à;planification;1;
de;Defoe;à;Steuart;1;
de;délégation;à;responsabilité;1;
de;délibération;à;action;1;
de;délivraison;à;délivrance;1;
de;démarche;à;outil;1;
de;démocratie;à;dictature;1;
de;déni;à;reconnaissance;2;
de;dépendance;à;soin;1;
de;déploiement;à;standardisation;1;
de;dépollution;à;carburant;1;
de;déréalisation;à;illusion;1;
de;désajustement;à;salut;1;
de;désaveu;à;répétition;1;
de;description;à;proposition;1;
de;désenchantement;à;déchéance;1;
de;design;à;application;1;
de;désir;à;souffrance;1;
de;désordre;à;agencement;1;
de;desserte;à;sécurisation;1;
de;dessin;à;concept;1;
de;détecteur;à;Anger;1;
de;détection;à;prévention;1;
de;déterritorialisation;à;inclusion;1;
de;détournement;à;travers;1;
de;détresse;à;pratique;1;
de;développement;à;émergence;1;
de;développement;à;deforestation;1;
de;développement;à;évolution;1;
de;Dexter;à;Breaking;1;
de;diagnostic;à;projet;3;
de;diagnostic;à;identification;2;
de;diagnostic;à;qualité;1;
de;diagnostic;à;service;1;
de;diagnostic;à;évaluation;1;
de;diagnostic;à;pronostic;1;
de;dialecte;à;langue;1;
de;dialogue;à;censure;1;
de;diaspora;à;lieu;1;
de;dictature;à;république;1;
de;dictionnaire;à;dictionnaire;1;
de;Dieu;à;sorcière;1;
de;différenciation;à;distinction;1;
de;digestion;à;lait;1;
de;Digne;à;Malijai;1;
de;discours;à;discours;1;
de;discours;à;pratique;1;
de;discours;à;science;1;
de;discours;à;réalité;1;
de;disgrâce;à;infiltration;1;
de;dispositif;à;interprétation;1;
de;dispute;à;combat;1;
de;distance;à;connivence;1;
de;distinction;à;sanction;1;
de;District;à;Communauté;1;
de;divergence;à;convergence;1;
de;diversification;à;contradiction;1;
de;diversité;à;appartenance;1;
de;diversité;à;anthropologie;1;
de;divertissement;à;pathologie;1;
de;doctrine;à;réalisation;1;
de;document;à;fiction;1;
de;documentation;à;idéologie;1;
de;dog;à;commerce;1;
de;domestication;à;sélection;1;
de;domination;à;reconnaissance;1;
de;doute;à;reconnaissance;1;
de;dramaturgie;à;livret;1;
de;drogue;à;médicament;1;
de;droit;à;littérature;1;
de;droit;à;gouvernance;1;
de;droit;à;environnement;1;
de;droit;à;pratique;1;
de;dualisme;à;dichotomie;1;
de;durée;à;conception;1;
de;échange;à;connectivité;2;
de;échelle;à;échelle;1;
de;échelle;à;insertion;1;
de;échonymie;à;matrice;1;
de;école;à;Ken;1;
de;écologie;à;biologie;1;
de;économie;à;symbole;1;
de;écophysiologie;à;science;1;
de;écotype;à;cultivar;1;
de;écoute;à;connivence;1;
de;écran;à;encre;1;
de;écran;à;papier;1;
de;écrit;à;oral;1;
de;écriture;à;approche;1;
de;écriture;à;conscience;1;
de;écriture;à;anti;1;
de;édifice;à;histoire;1;
de;Education;à;environnement;1;
de;effervescence;à;pop;1;
de;effet;à;analyse;1;
de;effort;à;action;1;
de;égout;à;rejet;1;
de;Egypte;à;Rome;1;
de;élaboration;à;mise;1;
de;élaboration;à;passation;1;
de;élaboration;à;caractérisation;1;
de;électrolyse;à;bioraffinerie;1;
de;élégie;à;plainte;1;
de;élève;à;citoyen;1;
de;élève;à;abri;1;
de;émancipation;à;institutionnalisation;1;
de;emballage;à;packaging;1;
de;émergence;à;mise;1;
de;émergence;à;conquête;1;
de;émergence;à;flexibilité;1;
de;émergence;à;territorialisation;1;
de;émergence;à;régulation;1;
de;émission;à;franchissement;1;
de;empilement;à;collapsus;1;
de;empirie;à;système;1;
de;empirisme;à;simulation;1;
de;emprise;à;libération;1;
de;emprunt;à;empreinte;1;
de;emprunt;à;décloisonnement;1;
de;endogamie;à;polyphonie;1;
de;enfance;à;entrée;1;
de;enfant;à;prodige;1;
de;Enfer;à;moulin;1;
de;engagement;à;militant;1;
de;engagement;à;professionnalisation;1;
de;engagement;à;défense;1;
de;engagement;à;encadrement;1;
de;eni;à;oi;1;
de;enjeu;à;implication;1;
de;enjeu;à;développement;1;
de;enquête;à;écriture;1;
de;enquête;à;projet;1;
de;enracinement;à;rayonnement;1;
de;enseignant;à;face;1;
de;enseignement;à;enseignement;1;
de;enseignement;à;intégration;1;
de;ensemble;à;nano;1;
de;enthousiasme;à;effacement;1;
de;entreprise;à;environnement;1;
de;enveloppe;à;enveloppe;2;
de;environnement;à;santé;1;
de;épopée;à;série;1;
de;épreuve;à;appropriation;1;
de;équilibre;à;crise;1;
de;erreur;à;fraude;1;
de;erreur;à;production;1;
de;espace;à;espace;3;
de;espace;à;temps;2;
de;espace;à;territorialité;1;
de;espace;à;représentation;1;
de;espace;à;sémiotique;1;
de;espoir;à;héritage;1;
de;espoir;à;déconvenue;1;
de;état;à;référent;1;
de;état;à;État;1;
de;état;à;restitution;1;
de;état;à;prise;1;
de;Etats;à;cœur;1;
de;étiquette;à;paradigme;1;
de;étiquette;à;assiette;1;
de;étrangeté;à;lecture;1;
de;être;à;fleur;1;
de;étude;à;analyse;1;
de;étude;à;réalisation;1;
de;étude;à;développement;1;
de;étude;à;conception;1;
de;étude;à;application;1;
de;Euclide;à;Kam?l;1;
de;Eugenio;à;Barba;1;
de;Europe;à;mondialisation;1;
de;exception;à;banalisation;1;
de;exclusion;à;participation;1;
de;exclusion;à;inclusion;1;
de;exemple;à;outil;1;
de;exil;à;retour;1;
de;exode;à;passion;1;
de;expérience;à;modélisation;3;
de;expérience;à;situation;1;
de;expérience;à;service;1;
de;expérience;à;figure;1;
de;expérience;à;perception;1;
de;expérience;à;expérience;1;
de;expérience;à;formation;1;
de;expérimentation;à;modélisation;3;
de;expérimentation;à;calcul;1;
de;expérimentation;à;institutionnalisation;1;
de;expérimentation;à;essaimage;1;
de;expérimentation;à;mise;1;
de;exploitation;à;préservation;1;
de;exploitation;à;exploitation;1;
de;expression;à;mobilisation;1;
de;fable;à;conte;1;
de;fable;à;réalité;1;
de;fabrique;à;ambiance;1;
de;faisabilité;à;utilisation;1;
de;fait;à;fait;1;
de;familier;à;étrange;1;
de;fantasme;à;réalité;3;
de;fantasme;à;propagande;1;
de;fantasme;à;rencontre;1;
de;fascination;à;compréhension;1;
de;fédéralisme;à;bien;1;
de;fermeture;à;effacement;1;
de;fête;à;pèlerinage;1;
de;fiabilité;à;analyse;1;
de;Figura;à;Talisman;1;
de;figure;à;figure;1;
de;fil;à;assemblée;1;
de;filariose;à;peste;1;
de;filière;à;mesosystème;1;
de;filière;à;paysage;1;
de;finance;à;finance;1;
de;fission;à;multifragmentation;1;
de;flibuste;à;forbannerie;1;
de;formalisme;à;usage;1;
de;formalisme;à;implémentation;1;
de;formation;à;pratique;1;
de;formation;à;construction;1;
de;formation;à;recherche;1;
de;forme;à;efficacité;1;
de;forme;à;cadre;1;
de;forme;à;territoire;1;
de;forteresse;à;Versailles;1;
de;fouille;à;analyse;1;
de;fracture;à;revitalisation;1;
de;fragmentation;à;complexité;1;
de;français;à;camfranglais;1;
de;francisation;à;patrimonialisation;1;
de;Frantz;à;Fanon;1;
de;friche;à;infrastructure;1;
de;friche;à;développement;1;
de;gamification;à;ludicisation;1;
de;gène;à;expression;1;
de;généalogie;à;justice;1;
de;général;à;cas;1;
de;généralité;à;quantification;1;
de;géographie;à;commerce;1;
de;géographie;à;application;1;
de;Georg;à;Simmel;1;
de;George;à;Sand;1;
de;Georges;à;Dutter;1;
de;geste;à;action;1;
de;gestion;à;sylviculture;2;
de;gestion;à;gestion;2;
de;gestion;à;éthique;1;
de;Gilliéron;à;atlas;1;
de;gloire;à;mémoire;1;
de;Glosario;à;corpus;1;
de;glose;à;document;1;
de;gouvernance;à;Buen;1;
de;GPUs;à;architecture;1;
de;graine;à;membrane;1;
de;graine;à;tige;1;
de;grammaire;à;comparatisme;1;
de;Granovetter;à;Polanyi;1;
de;graphie;à;phonétique;1;
de;gravitation;à;flux;1;
de;greffe;à;noyau;1;
de;griffonnage;à;dessin;1;
de;guerre;à;paix;2;
de;Guerre;à;écriture;1;
de;guignol;à;ère;1;
de;habitabilité;à;pavillon;2;
de;héliotropisme;à;désenchantement;1;
de;herboristerie;à;pharmacie;1;
de;héritage;à;production;2;
de;héritage;à;confrontation;1;
de;héritage;à;langage;1;
de;héritage;à;image;1;
de;héritier;à;enseignant;1;
de;héros;à;dieu;1;
de;hiérarchisation;à;antiesclavagisme;1;
de;histogramme;à;modélisation;1;
de;Histoire;à;mythe;2;
de;histoire;à;intérêt;1;
de;histoire;à;télévision;1;
de;Hobbes;à;arrière;1;
de;Hoffmann;à;controverse;1;
de;homme;à;animal;1;
de;homogénéisation;à;différenciation;1;
de;Horace;à;Alciat;1;
de;horizon;à;rivage;1;
de;horloge;à;rythme;1;
de;horlogerie;à;microtechniques;1;
de;hôtel;à;Matignon;1;
de;hôtellerie;à;maison;1;
de;hybridation;à;intensité;1;
de;hybridation;à;innovation;1;
de;hygiène;à;programme;1;
de;hygiénisme;à;développement;1;
de;idéal;à;réalité;1;
de;idéal;à;modèle;1;
de;idée;à;inauguration;1;
de;idée;à;altermondialiste;1;
de;identification;à;estimation;1;
de;identité;à;authenticité;1;
de;identité;à;histoire;1;
de;identité;à;patrimoine;1;
de;identité;à;identité;1;
de;idéologie;à;pratique;1;
de;idole;à;icône;1;
de;idylle;à;descente;1;
de;ignorance;à;action;1;
de;île;à;corsaire;1;
de;illusion;à;désillusion;1;
de;image;à;analyse;1;
de;image;à;concept;1;
de;image;à;mot;1;
de;imaginaire;à;institution;1;
de;immigration;à;globalisation;1;
de;impact;à;synergie;1;
de;implantation;à;forme;1;
de;implantation;à;évaluation;1;
de;imprimante;à;traitement;1;
de;imprimé;à;manuscrit;1;
de;improvisation;à;rebondissement;1;
de;impulsion;à;paralysie;1;
de;imputation;à;imputation;1;
de;incapacité;à;capacité;1;
de;incertitude;à;sérendipité;1;
de;Inde;à;Chine;1;
de;Inde;à;Cambodge;1;
de;indifférence;à;compassion;1;
de;indigénat;à;assimilation;1;
de;indignation;à;organisation;1;
de;individu;à;sujet;1;
de;infirme;à;informe;1;
de;influence;à;dialogue;1;
de;influence;à;autodétermination;1;
de;information;à;patrimoine;1;
de;informatique;à;neuroscience;1;
de;informatisation;à;épistémologie;1;
de;injonction;à;détournement;1;
de;injonction;à;partage;1;
de;innovation;à;innovation;2;
de;insert;à;revue;1;
de;insertion;à;intégration;1;
de;insoumission;à;rébellion;1;
de;institution;à;patrimoine;1;
de;institution;à;monde;1;
de;instrumentalisation;à;collaboration;2;
de;instrumentation;à;appropriation;1;
de;intégration;à;préparation;1;
de;intégration;à;plan;1;
de;intellect;à;General;1;
de;intelligence;à;compétence;1;
de;intention;à;mise;2;
de;intention;à;pratique;1;
de;interaction;à;fusion;2;
de;interaction;à;institution;1;
de;interdit;à;proposition;1;
de;interface;à;médiation;1;
de;interprétation;à;traduction;1;
de;intertextualité;à;intertextualité;1;
de;intitulé;à;choix;1;
de;intuition;à;conceptualisation;1;
de;intuition;à;patrimonialisation;1;
de;invention;à;république;1;
de;invisibilité;à;dynamisme;1;
de;invisibilité;à;récit;1;
de;irréversibilité;à;individuation;1;
de;isolement;à;modélisation;1;
de;isolement;à;intégration;1;
de;Italo;à;Calvino;1;
de;jeu;à;socle;1;
de;John;à;Major;1;
de;Jordan;à;Chevalley;1;
de;journal;à;voyage;1;
de;journalisme;à;histoire;1;
de;Jules;à;Dupuit;1;
de;juxtaposition;à;séparation;1;
de;kâtib;à;adîb;1;
de;Khrouchtchev;à;Gorbatchev;1;
de;Kiev;à;Saint;1;
de;kitsch;à;freak;1;
de;Kyoto;à;La;1;
de;La;à;Havane;1;
de;laboratoire;à;terrain;3;
de;laboratoire;à;tâche;2;
de;laboratoire;à;site;1;
de;laboratoire;à;ingénierie;1;
de;laboratoire;à;vigne;1;
de;laboratoire;à;océan;1;
de;Lancashire;à;Boston;1;
de;langage;à;représentation;1;
de;langage;à;incorporation;1;
de;langue;à;discours;2;
de;langue;à;imaginaire;1;
de;langue;à;savoir;1;
de;langue;à;langue;1;
de;langue;à;langage;1;
de;latin;à;français;2;
de;latin;à;langue;1;
de;légende;à;histoire;2;
de;Leir;à;Lear;1;
de;lettre;à;mail;1;
de;lexicalisation;à;abstraction;1;
de;lexicométrie;à;stylostatistique;1;
de;lexique;à;discours;1;
de;lien;à;entre;1;
de;lien;à;lieu;1;
de;lien;à;sainteté;1;
de;lieu;à;forme;1;
de;lieu;à;lieu;1;
de;liposome;à;reconstruction;1;
de;littéral;à;transposition;1;
de;littérature;à;livret;1;
de;logiciel;à;SEGESE;1;
de;logique;à;logique;1;
de;LOHENGRIN;à;FIPPS;1;
de;Lost;à;Highway;1;
de;lumière;à;romantisme;1;
de;lumière;à;évolutionniste;1;
de;lumière;à;Ecole;1;
de;Luther;à;homme;1;
de;lutte;à;émergence;1;
de;machine;à;machine;1;
de;macrobes;à;microbe;1;
de;maitrise;à;compétence;1;
de;mal;à;felice;1;
de;malentendu;à;provocation;1;
de;management;à;e;2;
de;manager;à;management;1;
de;manipulation;à;médiation;1;
de;manufacture;à;application;1;
de;marchandise;à;toison;1;
de;marché;à;coopération;1;
de;marché;à;bébé;1;
de;mare;à;toile;1;
de;marge;à;protection;1;
de;marginalisation;à;intégration;1;
de;marketing;à;secteur;1;
de;masochisme;à;scénario;1;
de;matérialisme;à;politique;1;
de;matériau;à;composant;1;
de;maternelle;à;révolution;1;
de;Mauvéine;à;Matériaux;1;
de;Max;à;Weber;1;
de;mécanique;à;mécanique;1;
de;mécanographie;à;relation;1;
de;mécénat;à;marketing;1;
de;médecine;à;recherche;1;
de;médecine;à;politique;1;
de;médiateur;à;témoin;1;
de;Méditerranée;à;modernité;1;
de;mémoire;à;histoire;1;
de;mémoire;à;idéal;1;
de;ménagement;à;management;1;
de;mérovingien;à;dialectisation;1;
de;mesure;à;calcul;1;
de;mesure;à;réflexion;1;
de;mesure;à;approche;1;
de;métabolisme;à;thérapie;1;
de;métabolomique;à;modélisation;1;
de;métaéthique;à;point;1;
de;métamorphose;à;transformisme;1;
de;métaphore;à;pratique;1;
de;méthode;à;méthode;1;
de;métier;à;représentation;1;
de;microévolution;à;macroévolution;1;
de;micronique;à;nanométrique;1;
de;microstructure;à;modélisation;2;
de;milieu;à;écosystème;1;
de;milieu;à;milieu;1;
de;minorité;à;vieillesse;1;
de;Mirabeau;à;jour;1;
de;mirage;à;désillusion;1;
de;mission;à;apostolat;1;
de;mission;à;surenchère;1;
de;mission;à;diplomatie;1;
de;mixité;à;cloisonnement;1;
de;mobilisation;à;participation;1;
de;mobilisation;à;encastrement;1;
de;modalisation;à;organisation;1;
de;modèle;à;compétence;1;
de;modèle;à;cellule;1;
de;modèle;à;action;1;
de;modèle;à;transformation;1;
de;modèle;à;utilisateur;1;
de;modèle;à;géochimie;1;
de;modèle;à;champ;1;
de;modélisation;à;simulation;1;
de;modélisation;à;automatisation;1;
de;modélisation;à;implémentation;1;
de;modernisation;à;norme;1;
de;modernismo;à;Edad;1;
de;modernité;à;récession;1;
de;molécule;à;saveur;1;
de;molécule;à;matériau;1;
de;Molécule;à;Matériau;1;
de;Monarchia;à;Banquet;1;
de;monde;à;monde;3;
de;monde;à;civilisation;1;
de;monocentré;à;francophonie;2;
de;monopole;à;externalisation;1;
de;Montalbán;à;Chrétien;1;
de;monumentalité;à;banalité;1;
de;morphologie;à;valeur;1;
de;mot;à;phrase;1;
de;mot;à;texte;1;
de;motif;à;récit;1;
de;motte;à;castrum;1;
de;Moyen;à;Age;2;
de;Moyen;à;Âge;1;
de;multi;à;sensorialité;1;
de;mûrissement;à;fragmentation;1;
de;Mussolini;à;Daesh;1;
de;MUTAGENÈSE;à;relation;1;
de;mutation;à;liquidation;1;
de;mutualisme;à;parasitisme;1;
de;mythe;à;réalité;6;
de;mythe;à;histoire;1;
de;mythe;à;mélodrame;1;
de;mythe;à;mystification;1;
de;mythe;à;début;1;
de;mythe;à;opéra;1;
de;mythe;à;manque;1;
de;mythe;à;mythe;1;
de;nanomatériaux;à;dispositif;1;
de;Natalie;à;Sapho;1;
de;nationalisme;à;panafricanisme;1;
de;nationalisme;à;nationalisme;1;
de;naturalisme;à;écologie;2;
de;nazisme;à;expérience;1;
de;nécessité;à;agrément;1;
de;négation;à;incompréhension;1;
de;néolithique;à;période;1;
de;neurobiologie;à;spiritualisme;1;
de;neurogenèse;à;plasticité;1;
de;neuroscience;à;Machine;1;
de;neutralité;à;échec;1;
de;Nietzsche;à;pensée;1;
de;normativité;à;effectivité;1;
de;norme;à;appréciation;1;
de;nourrisson;à;enfant;1;
de;nouveauté;à;imposture;1;
de;nucléation;à;relaxation;1;
de;nucléation;à;évolution;1;
de;numérisation;à;application;1;
de;objet;à;œuvre;2;
de;objet;à;outil;1;
de;objet;à;passif;1;
de;objet;à;manière;1;
de;objet;à;objet;1;
de;objet;à;catégorie;1;
de;objet;à;discours;1;
de;obligation;à;option;1;
de;observation;à;modélisation;2;
de;observation;à;expérimentation;1;
de;observation;à;conseil;1;
de;observation;à;vidéo;1;
de;observation;à;restitution;1;
de;observation;à;décision;1;
de;obsession;à;prise;1;
de;obstacle;à;prise;1;
de;oeuf;à;ovoproduit;1;
de;œuvre;à;titre;1;
de;œuvre;à;article;1;
de;officier;à;vaurien;1;
de;ombre;à;lumière;4;
de;ontologie;à;plateforme;1;
de;ontologie;à;anthropologie;1;
de;ontologie;à;langue;1;
de;OPALINE;à;HABEAT;1;
de;Operación;à;Ogro;1;
de;opposition;à;continuum;1;
de;or;à;métal;1;
de;organe;à;peuplement;1;
de;organographie;à;ornement;1;
de;Orient;à;occident;1;
de;orientalisme;à;revendication;1;
de;orientalisme;à;subversion;1;
de;origine;à;1945;1;
de;origine;à;sport;1;
de;origine;à;Fantasy;1;
de;origine;à;république;1;
de;origine;à;année;1;
de;origine;à;jour;1;
de;origine;à;État;1;
de;ornithorinque;à;tigre;1;
de;ornithorynque;à;tigre;1;
de;os;à;objet;1;
de;oubli;à;conflit;1;
de;ouïe;à;paysage;1;
de;outil;à;objet;1;
de;Paccius;à;Rutilius;1;
de;Palais;à;Brongniart;1;
de;palais;à;étude;1;
de;paléokarst;à;fonctionnement;1;
de;paléozoïque;à;réactivation;1;
de;panorama;à;intervention;1;
de;papier;à;numérique;2;
de;papier;à;smartphone;1;
de;parabole;à;symbole;1;
de;paradoxe;à;palindrome;1;
de;paratexte;à;dispositif;2;
de;parcage;à;partage;1;
de;parcelle;à;paysage;1;
de;parcelle;à;propriété;1;
de;parcelle;à;exploitation;1;
de;parcelle;à;bassin;1;
de;parémiographie;à;parémiologie;1;
de;parodie;à;émergence;1;
de;paroisse;à;mission;1;
de;parole;à;cadre;1;
de;parole;à;dispositif;1;
de;participation;à;création;1;
de;Pascal;à;Rochefoucauld;1;
de;pastoralisme;à;migration;1;
de;pathogenèse;à;chimiorésistance;1;
de;Patrimoine;à;commun;1;
de;Paul;à;apôtre;1;
de;paysage;à;réinvention;2;
de;peinture;à;cinéma;1;
de;peinture;à;Pop;1;
de;Peiresc;à;Kircher;1;
de;pendule;à;effet;1;
de;percept;à;familiarité;1;
de;perception;à;forme;1;
de;perception;à;expression;1;
de;perception;à;intégration;1;
de;performance;à;développement;1;
de;performance;à;forme;1;
de;personnage;à;texte;1;
de;perspective;à;cadre;1;
de;pervaporation;à;microdialyse;1;
de;peuplement;à;fonctionnement;1;
de;phase;à;gaz;1;
de;phénomène;à;phénomène;1;
de;phénoménologie;à;herméneutique;1;
de;phénotypage;à;gène;1;
de;Philippe;à;Sellier;1;
de;philosophie;à;théorie;1;
de;phonétique;à;phonétique;1;
de;photo;à;plan;1;
de;photochimie;à;holographie;1;
de;photographe;à;photographe;1;
de;phrase;à;texte;1;
de;phrase;à;discours;1;
de;phraséologie;à;genre;1;
de;physiologie;à;thérapeutique;1;
de;physiologie;à;officine;1;
de;physiologie;à;Indochine;1;
de;physiologie;à;hirudothérapie;1;
de;physiopathologie;à;pharmacopée;1;
de;physiopathologie;à;traitement;1;
de;physiopathologie;à;technique;1;
de;physique;à;politique;1;
de;physique;à;histoire;1;
de;physique;à;synthèse;1;
de;pièce;à;film;1;
de;plagiat;à;transposition;1;
de;plainte;à;larme;1;
de;Planck;à;NIKA;1;
de;Platon;à;Aristote;1;
de;plume;à;clavier;1;
de;pluralisme;à;pluralisme;1;
de;poésie;à;numérique;1;
de;poétique;à;éthique;1;
de;polémique;à;évaluation;1;
de;politiquement;à;discours;1;
de;portrait;à;représentation;1;
de;positionnement;à;enjeu;1;
de;posture;à;pratique;1;
de;pragmatique;à;sémantique;1;
de;pragmatique;à;conception;1;
de;pratique;à;théorie;2;
de;pratique;à;réforme;1;
de;pratique;à;posture;1;
de;pré;à;post;1;
de;préparation;à;exécution;1;
de;préposition;à;construction;1;
de;prescription;à;accord;2;
de;prescription;à;administration;1;
de;prescription;à;idée;1;
de;présence;à;usage;1;
de;présentation;à;représentation;1;
de;présomption;à;sécurité;1;
de;prévision;à;mesure;1;
de;prière;à;peinture;1;
de;primauté;à;dialogue;2;
de;principe;à;application;2;
de;principe;à;réalité;1;
de;principe;à;capteur;1;
de;principe;à;mise;1;
de;problématique;à;lecture;1;
de;problème;à;expérience;1;
de;problème;à;solution;1;
de;processus;à;activité;1;
de;processus;à;fabrique;1;
de;processus;à;création;1;
de;production;à;pénurie;1;
de;production;à;perception;1;
de;professionnalisation;à;profession;1;
de;profilage;à;viralité;1;
de;projet;à;réalité;1;
de;projet;à;pèlerinage;1;
de;projet;à;réalisation;1;
de;projet;à;engagement;1;
de;projet;à;mémorial;1;
de;projet;à;Valmy;1;
de;prolétariat;à;précariat;1;
de;proposition;à;résultat;1;
de;propreté;à;filtre;1;
de;propriété;à;propriété;1;
de;prosodie;à;grammaire;1;
de;prospection;à;utilisation;1;
de;protection;à;dissipation;1;
de;protestantisme;à;féminisme;1;
de;prototypage;à;impression;1;
de;prudence;à;hostilité;1;
de;psychologie;à;philosophie;1;
de;public;à;intime;1;
de;Pyracantha;à;tavelure;1;
de;quantification;à;qualification;1;
de;quantification;à;apprentissage;1;
de;questionnement;à;évidence;1;
de;quinquennat;à;fabrication;1;
de;quotidien;à;action;1;
de;Rabelais;à;Encyclopédie;1;
de;radio;à;télévision;1;
de;radiothérapie;à;hadronthérapie;1;
de;raisonnement;à;qualité;1;
de;Raombana;à;Omaly;1;
de;rap;à;rap;1;
de;rationalisation;à;management;1;
de;réactivité;à;catalyseur;1;
de;réalisme;à;nominalisme;1;
de;réalité;à;représentation;3;
de;réalité;à;hypothèse;1;
de;réalité;à;discours;1;
de;rébellion;à;guerre;1;
de;récepteur;à;saveur;1;
de;réception;à;médiation;1;
de;réception;à;réécriture;1;
de;recette;à;service;1;
de;réchauffement;à;protocole;1;
de;recherche;à;application;2;
de;recherche;à;pratique;2;
de;recherche;à;enseignement;1;
de;recherche;à;agriculteur;1;
de;recherche;à;lutte;1;
de;recherche;à;ingénierie;1;
de;recherche;à;formation;1;
de;recherche;à;mise;1;
de;recherche;à;action;1;
de;recherche;à;politique;1;
de;recherche;à;thérapeutique;1;
de;récit;à;stratégie;1;
de;récit;à;parcours;1;
de;récit;à;expression;1;
de;recomposition;à;mutation;1;
de;réconciliation;à;interculturel;1;
de;reconstruction;à;Grand;1;
de;reconversion;à;réorganisation;1;
de;recreatio;à;regula;1;
de;recul;à;reconquête;1;
de;rééducation;à;aménagement;1;
de;réflexion;à;proposition;1;
de;refondation;à;reconstruction;1;
de;refus;à;déplacement;1;
de;règlement;à;phase;1;
de;réglementation;à;pratique;1;
de;règlementation;à;pratique;2;
de;règlementation;à;réalisation;1;
de;régulation;à;surveillance;1;
de;réhabilitation;à;produit;1;
de;rejet;à;convergence;1;
de;rejet;à;apprentissage;1;
de;rejet;à;fascination;1;
de;rejet;à;intégration;1;
de;relation;à;conquête;1;
de;relevé;à;impression;1;
de;relocalisation;à;accomplissement;1;
de;renaissance;à;révolution;2;
de;rencontre;à;confiance;1;
de;rencontre;à;soin;1;
de;réplication;à;présentation;1;
de;reportage;à;fiction;2;
de;représentation;à;modèle;2;
de;représentation;à;écriture;1;
de;representations;à;action;1;
de;réseau;à;canopée;1;
de;réseau;à;champ;1;
de;réseau;à;association;1;
de;réseau;à;toile;1;
de;résidence;à;Centre;1;
de;résilience;à;résilience;1;
de;résistance;à;justice;1;
de;ressassement;à;réparation;1;
de;ressource;à;capabilités;1;
de;ressource;à;patrimoine;1;
de;résurgence;à;essoufflement;1;
de;retour;à;participant;2;
de;revalorisation;à;gestion;1;
de;rêve;à;cauchemar;1;
de;révélation;à;restauration;1;
de;revendication;à;revendication;1;
de;révolte;à;affirmation;1;
de;révolution;à;évolution;1;
de;révolution;à;élection;1;
de;révolution;à;changement;1;
de;révolution;à;révolution;1;
de;rhéologie;à;procédé;1;
de;rhétorique;à;poétique;1;
de;risque;à;solidarité;1;
de;RMI;à;RSA;1;
de;roche;à;analyse;1;
de;roman;à;roman;1;
de;roman;à;effet;1;
de;Rousseau;à;Berlioz;1;
de;routeurs;à;réseau;1;
de;ruche;à;officine;1;
de;rue;à;centre;1;
de;ruse;à;fiction;1;
de;rythme;à;horloge;1;
de;Sabinillus;à;Tyrsénos;1;
de;sacrifice;à;institution;1;
de;Saigon;à;HCM;1;
de;saillance;à;saillance;1;
de;saisie;à;explication;1;
de;San;à;Francisco;1;
de;sanctuaire;à;église;1;
de;Sandro;à;Pertini;1;
de;sang;à;sang;1;
de;sang;à;médicament;1;
de;santé;à;paysage;1;
de;saturation;à;saturation;1;
de;Savoie;à;Pays;1;
de;savoir;à;norme;1;
de;scénario;à;calembour;1;
de;scène;à;musée;1;
de;scène;à;monde;1;
de;scène;à;écran;1;
de;scepticisme;à;adoption;1;
de;schéma;à;simulation;1;
de;science;à;droit;2;
de;science;à;catastrophe;1;
de;science;à;public;1;
de;science;à;fiction;1;
de;secret;à;dossier;1;
de;secret;à;donnée;1;
de;secteur;à;réseau;1;
de;ségrégation;à;exclusion;1;
de;sélection;à;génomique;1;
de;semiconducteur;à;réseau;1;
de;sensorialité;à;jeu;1;
de;séparation;à;rapprochement;1;
de;séparation;à;intégration;1;
de;septembre;à;2010;1;
de;séquence;à;base;1;
de;Shakespeare;à;Sarah;1;
de;siècle;à;jour;1;
de;signal;à;performance;1;
de;signal;à;signe;1;
de;signalisation;à;cellule;1;
de;signe;à;sens;1;
de;signe;à;leurre;1;
de;silicium;à;semiconducteurs;1;
de;similarité;à;affiliation;2;
de;Simondon;à;théorie;1;
de;SimpopLocal;à;SimpopNet;1;
de;simulation;à;analyse;1;
de;singularité;à;singularité;1;
de;smart;à;home;1;
de;Smith;à;Walras;1;
de;sol;à;gène;1;
de;solidarité;à;conflit;1;
de;solution;à;stratégie;1;
de;soumission;à;bras;1;
de;source;à;modèle;1;
de;source;à;gisement;1;
de;souris;à;homme;1;
de;spécialisation;à;conditionnalité;1;
de;spectroscopie;à;magnétisme;1;
de;Spencer;à;Sherrington;1;
de;sphère;à;sphère;1;
de;sport;à;politique;1;
de;sRAGE;à;autoanticorps;1;
de;stade;à;stade;1;
de;standardisation;à;communauté;1;
de;Stanislavski;à;Dodine;1;
de;stigmate;à;désir;1;
de;stigmatisation;à;négociation;1;
de;stigmatisation;à;quête;1;
de;storytelling;à;récit;1;
de;stratégie;à;mise;1;
de;stratégie;à;travail;1;
de;stratégie;à;concrétisation;1;
de;structuration;à;pratique;1;
de;structure;à;renforcement;1;
de;style;à;forme;1;
de;subordonnant;à;subordonnant;1;
de;sujet;à;enfant;1;
de;summa;à;divisio;1;
de;supplice;à;monstruosité;1;
de;support;à;papier;1;
de;support;à;interprétation;1;
de;support;à;document;1;
de;surface;à;maillage;1;
de;surface;à;profondeur;1;
de;surveillance;à;recherche;1;
de;Sydney;à;Amsterdam;1;
de;symptôme;à;cheminement;1;
de;synapse;à;comportement;1;
de;synchronisation;à;émergence;1;
de;syntagme;à;discours;2;
de;syntaxe;à;syntaxe;1;
de;synthèse;à;façon;1;
de;synthèse;à;interaction;1;
de;synthèse;à;propriété;1;
de;synthèse;à;matériau;1;
de;système;à;application;1;
de;table;à;baignoire;1;
de;tâche;à;corvée;1;
de;tactique;à;politique;1;
de;taylorisme;à;précarisation;1;
de;technique;à;art;1;
de;technique;à;imaginaire;1;
de;Tectonique;à;Valaginien;1;
de;TEFT;à;Z²;1;
de;télévision;à;visiophonie;1;
de;témoignage;à;autobiographie;1;
de;tendance;à;croisement;1;
de;tente;à;maison;1;
de;terrain;à;interpolation;2;
de;terrain;à;laboratoire;1;
de;terrain;à;numérique;1;
de;terrain;à;action;1;
de;terrain;à;texte;1;
de;terrain;à;valorisation;1;
de;terrain;à;portail;1;
de;terreur;à;appropriation;1;
de;territoire;à;sol;1;
de;territoire;à;agriculteur;1;
de;territoire;à;territorial;1;
de;territoire;à;archipel;1;
de;têtard;à;grenouille;1;
de;texte;à;image;2;
de;texte;à;discours;1;
de;texte;à;pré;1;
de;texte;à;photographie;1;
de;texte;à;connaissance;1;
de;théâtre;à;théâtre;2;
de;théâtre;à;cinéma;1;
de;théorie;à;pratique;11;
de;théorie;à;application;2;
de;théorie;à;transposition;1;
de;théorie;à;clinique;1;
de;théorie;à;programme;1;
de;théorie;à;réalité;1;
de;théorie;à;prototypage;1;
de;théorie;à;mise;1;
de;théorie;à;terrain;1;
de;Thomas;à;Hobbes;1;
de;toilette;à;hydratation;1;
de;tokamaks;à;magnétisme;1;
de;tombeau;à;place;1;
de;tourisme;à;empathie;1;
de;toxicologie;à;écotoxicologie;1;
de;trace;à;marque;1;
de;trace;à;mémoire;1;
de;tradition;à;modernité;1;
de;tradition;à;modernisation;1;
de;traduction;à;chant;1;
de;traduction;à;scène;1;
de;traité;à;traité;1;
de;traitement;à;mise;1;
de;transgression;à;retour;1;
de;transistor;à;cellule;1;
de;transistor;à;bit;1;
de;transmission;à;liction;1;
de;transparence;à;invisibilité;1;
de;transport;à;santé;1;
de;triomphe;à;sarcasme;1;
de;triomphe;à;désillusion;1;
de;TSF;à;radio;1;
de;typologie;à;solution;1;
de;typologie;à;analyse;1;
de;Ulpien;à;Zoticus;1;
de;underground;à;Todo;2;
de;unicité;à;variabilité;3;
de;unicité;à;iconicité;1;
de;uniformité;à;quête;1;
de;unité;à;rupture;1;
de;université;à;quartier;1;
de;usage;à;ostentation;1;
de;usage;à;trafic;1;
de;usine;à;enclave;1;
de;utopie;à;Robinsonnade;2;
de;utopie;à;réalité;2;
de;utopie;à;réalisation;1;
de;utopie;à;conduite;1;
de;utopie;à;pratique;1;
de;valorisation;à;transmission;1;
de;valorisation;à;reconnaissance;1;
de;valorisation;à;internationalisation;1;
de;vampire;à;cyborg;1;
de;variation;à;mise;2;
de;Vasari;à;théoricien;1;
de;végétal;à;produit;1;
de;vertige;à;forme;1;
de;vibration;à;projet;1;
de;victime;à;victime;1;
de;village;à;Europe;1;
de;ville;à;territoire;2;
de;ville;à;métropole;2;
de;ville;à;ville;2;
de;violence;à;violence;1;
de;violence;à;résilience;1;
de;Virgo;à;Advanced;1;
de;vision;à;vision;1;
de;visite;à;oenotrourisme;1;
de;vitro;à;silico;1;
de;vitro;à;implantation;1;
de;voisinage;à;Internet;1;
de;voyage;à;voyage;1;
de;voyage;à;histoire;1;
de;vulgarisation;à;culture;1;
de;vulnérabilité;à;risque;1;
de;web;à;corpus;1;
de;web;à;web;1;
de;Weimar;à;Hollywood;1;
de;Whoroscope;à;Godot;1;
de;Wilfried;à;Owen;1;
de;William;à;Hogarth;1;
de;XXème;à;siècle;1;
de;zoologie;à;théologie;1;
de;Zurich;à;Tokyo;1;
de;Zürich;à;Milan;1;
de;????????;à;????????;1;